name,region,season,stat,IMPORT_EXPORT,TOTAL,b_CHP,bio,biogas,coal,coal_bp,coal_ex,dsr,eens,gas_ccgt,gas_chp,gas_eng_chp,gas_peak,h_dams,h_ror,heat,li,lig,lig_bp,lig_ex,lig_old,lig_sc,nuclear,onshore,pump,pump_open,solar
subsidy-0,CZ,S,avg_consumer_price_EUR_per_MWh,,97.126,,,,,,,,,,,,,,,,,,,,,,,,,,
subsidy-0,CZ,S,avg_producer_price_EUR_per_MWh,,96.885,,,,,,,,,,,,,,,,,,,,,,,,,,
subsidy-0,CZ,S,capacity_factor,,1.04,0.655,,0.682,0,0.004,-0,,,0.301,0.645,0.558,0,0.153,0.411,0.003,0.107,0,0.723,0.047,0,0,0.776,0.204,0.129,0.131,0.18
subsidy-0,CZ,S,capex_mn_EUR_per_yr,,,90.376,0,49.707,42.24,1.812,33.671,0,,87.828,115.452,30.064,8.282,105.136,87.683,,6.724,103.488,65.339,247.431,128.128,46.464,3000.042,76.414,139.774,114.162,510.28
subsidy-0,CZ,S,charged_TWh,,3.479,,,,,,,,,,,,,0,0,0.078,0.052,,,,,,,,0.543,0.42,
subsidy-0,CZ,S,curtailment_TWh,,0,,,,,,,,,,,,,,,,,,,,,,,,,,
subsidy-0,CZ,S,discharged_TWh,,6.517,,,,,,,,,,,,,0.347,0.775,0.063,0.047,,,,,,,,0.389,0.322,
subsidy-0,CZ,S,emissions_MtCO2,,44.086,0,0,0,0,0,-0,0,0,0.425,1.112,0.741,0,0,0,0,0,0,3.809,0.464,0,0,0,0,0,0,0
subsidy-0,CZ,S,export_TWh,,3.945,,,,,,,,,,,,,,,,,,,,,,,,,,
subsidy-0,CZ,S,heat_production_PJ,,,0.464,,,,0.003,-0,,-0,,3.287,4.853,,,,,,,20.571,2.366,,,,,,,
subsidy-0,CZ,S,import_TWh,,6.847,,,,,,,,,,,,,,,,,,,,,,,,,,
subsidy-0,CZ,S,inflow_TWh,,,,,,,,,,,,,,,0.347,0.776,,,,,,,,,,,0.021,
subsidy-0,CZ,S,load_TWh,,32.277,,,,,,,,,,,,,,,,,,,,,,,,,,
subsidy-0,CZ,S,net_import_TWh,,2.902,,,,,,,,,,,,,,,,,,,,,,,,,,
subsidy-0,CZ,S,opex_mn_EUR,,,57.506,0,78.95,0,0.077,-0,0,,119.912,264.628,199.385,0.033,1.04,,,0.093,0,439.638,27.832,0,0,301.727,0,1.556,1.288,0
subsidy-0,CZ,S,power_share_high_value,,,,,,,,,,,,,,,,,,,,,,,,0.964,0.963,,,0.874
subsidy-0,CZ,S,power_share_low_value,,,,,,,,,,,,,,,,,,,,,,,,0.036,0.037,,,0.126
subsidy-0,CZ,S,power_share_zero_value,,,,,,,,,,,,,,,,,,,,,,,,0,0,,,0
subsidy-0,CZ,S,production_TWh,,132.798,0.734,0,1.108,0,0,-0,0,0,1.082,2.45,1.348,0,0.347,0.775,0.063,0.047,0,1.905,0.23,0,0,13.715,0.446,0.389,0.322,5.491
subsidy-0,CZ,S,production_el_eq_TWh,,,0.799,,,,0,-0,,0,,2.83,1.348,,,,,,,1.905,0.464,,,,,,,
subsidy-0,CZ,S,production_excess_TWh,,,,,,,,,,,,,,,,,,,,,,,,,0,,,0
subsidy-0,CZ,S,production_hours,,,3511,0,3194,0,38,0,0,0,1912,3877,2602,3,4368,4368,424,516,0,4368,1733,0,0,,,686,806,
subsidy-0,CZ,S,production_used_TWh,,,,,,,,,,,,,,,,,,,,,,,,,0.446,,,5.491
subsidy-0,CZ,S,wholesale_expenses_mn_EUR,230.665,,,,,,,,,,,,,,0,0,,4.745,,,,,,,,44.788,34.645,
subsidy-0,CZ,S,wholesale_revenues_mn_EUR,32.654,,80.357,0,115.764,0,0.03,-0,0,,116.835,289.518,144.433,0.028,36.184,75.254,,5.024,0,185.386,44.22,0,0,1333.767,41.931,42.277,34.969,470.702
subsidy-0,CZ,W,avg_consumer_price_EUR_per_MWh,,110.248,,,,,,,,,,,,,,,,,,,,,,,,,,
subsidy-0,CZ,W,avg_producer_price_EUR_per_MWh,,110.348,,,,,,,,,,,,,,,,,,,,,,,,,,
subsidy-0,CZ,W,capacity_factor,,1.035,0.944,,0.918,0,0.047,0,,,0.82,0.943,0.579,0.002,0.107,0.287,0.01,0.139,0.017,0.976,0.541,0,0.515,0.817,0.311,0.047,0.047,0.071
subsidy-0,CZ,W,capex_mn_EUR_per_yr,,,90.376,0,49.707,42.24,1.812,33.671,0,,87.828,115.452,30.064,8.282,105.136,87.683,,6.724,103.488,65.339,247.431,128.128,46.464,3000.042,76.414,139.774,114.162,510.28
subsidy-0,CZ,W,charged_TWh,,3.479,,,,,,,,,,,,,0,0,0.238,0.068,,,,,,,,0.194,0.147,
subsidy-0,CZ,W,curtailment_TWh,,0.003,,,,,,,,,,,,,,,,,,,,,,,,,,
subsidy-0,CZ,W,discharged_TWh,,6.517,,,,,,,,,,,,,0.244,0.545,0.209,0.061,,,,,,,,0.141,0.117,
subsidy-0,CZ,W,emissions_MtCO2,,44.086,0,0,0,0,0.006,0,0,0,1.165,1.635,0.774,0.001,0,0,0,0,0.098,5.167,5.423,0,1.221,0,0,0,0,0
subsidy-0,CZ,W,export_TWh,,3.003,,,,,,,,,,,,,,,,,,,,,,,,,,
subsidy-0,CZ,W,heat_production_PJ,,,0.209,,,,0.037,0,,0,,4.156,5.063,,,,,,,27.904,28.952,,,,,,,
subsidy-0,CZ,W,import_TWh,,5.966,,,,,,,,,,,,,,,,,,,,,,,,,,
subsidy-0,CZ,W,inflow_TWh,,,,,,,,,,,,,,,0.243,0.545,,,,,,,,,,,0.01,
subsidy-0,CZ,W,load_TWh,,38.291,,,,,,,,,,,,,,,,,,,,,,,,,,
subsidy-0,CZ,W,net_import_TWh,,2.963,,,,,,,,,,,,,,,,,,,,,,,,,,
subsidy-0,CZ,W,opex_mn_EUR,,,87.604,0,105.352,0,0.89,0,0,,315.636,390.401,208.022,0.182,0.731,1.089,,0.122,12.242,595.186,302.153,0,145.06,319.48,0,0.566,0.469,0
subsidy-0,CZ,W,power_share_high_value,,,,,,,,,,,,,,,,,,,,,,,,0.999,0.998,,,0.989
subsidy-0,CZ,W,power_share_low_value,,,,,,,,,,,,,,,,,,,,,,,,0,0.001,,,0.004
subsidy-0,CZ,W,power_share_zero_value,,,,,,,,,,,,,,,,,,,,,,,,0.001,0.002,,,0.007
subsidy-0,CZ,W,production_TWh,,132.798,1.127,0,1.499,0,0.003,0,0,0,2.965,3.681,1.407,0.001,0.244,0.545,0.209,0.061,0.098,2.584,2.551,0,1.313,14.522,0.682,0.141,0.117,2.198
subsidy-0,CZ,W,production_el_eq_TWh,,,1.156,,,,0.003,0,,0,,4.162,1.407,,,,,,,2.584,5.423,,,,,,,
subsidy-0,CZ,W,production_excess_TWh,,,,,,,,,,,,,,,,,,,,,,,,,0,,,0
subsidy-0,CZ,W,production_hours,,,4299,0,4123,0,374,0,0,0,3722,4363,2745,15,4371,4392,673,674,203,4392,4125,0,2481,,,272,346,
subsidy-0,CZ,W,production_used_TWh,,,,,,,,,,,,,,,,,,,,,,,,,0.682,,,2.198
subsidy-0,CZ,W,wholesale_expenses_mn_EUR,308.874,,,,,,,,,,,,,,0,0,,7.281,,,,,,,,19.242,14.476,
subsidy-0,CZ,W,wholesale_revenues_mn_EUR,43.476,,128.12,0,167.535,0,0.41,0,0,,335.369,461.627,159.502,0.174,27.633,59.123,,6.981,11.893,283.33,601.837,0,150.94,1586.954,72.344,16.59,13.74,229.452
subsidy-0,CZ,Y,avg_consumer_price_EUR_per_MWh,,104.246,,,,,,,,,,,,,,,,,,,,,,,,,,
subsidy-0,CZ,Y,avg_producer_price_EUR_per_MWh,,104.269,,,,,,,,,,,,,,,,,,,,,,,,,,
subsidy-0,CZ,Y,capacity_GW,,29.224,0.279,0,0.372,0.528,0.017,0.311,0,,0.823,1.004,0.553,0.128,0.518,0.432,5,0.1,1.294,0.603,2.283,1.602,0.581,4.047,0.5,0.688,0.562,7
subsidy-0,CZ,Y,capacity_factor,,0.259,0.8,,0.8,0,0.025,-0,,,0.561,0.795,0.568,0.001,0.13,0.349,0.006,0.123,0.009,0.85,0.294,0,0.258,0.796,0.258,0.088,0.089,0.125
subsidy-0,CZ,Y,capex_mn_EUR_per_yr,,,90.376,0,49.707,42.24,1.812,33.671,0,,87.828,115.452,30.064,8.282,105.136,87.683,,6.724,103.488,65.339,247.431,128.128,46.464,3000.042,76.414,139.774,114.162,510.28
subsidy-0,CZ,Y,charged_TWh,,1.74,,,,,,,,,,,,,0,0,0.316,0.119,,,,,,,,0.737,0.567,
subsidy-0,CZ,Y,curtailment_TWh,,0.003,,,,,,,,,,,,,,,,,,,,,,,,,,
subsidy-0,CZ,Y,discharged_TWh,,3.259,,,,,,,,,,,,,0.59,1.319,0.271,0.108,,,,,,,,0.53,0.439,
subsidy-0,CZ,Y,emissions_MtCO2,,22.043,0,0,0,0,0.006,-0,0,0,1.59,2.747,1.515,0.001,0,0,0,0,0.098,8.977,5.887,0,1.221,0,0,0,0,0
subsidy-0,CZ,Y,export_TWh,,6.948,,,,,,,,,,,,,,,,,,,,,,,,,,
subsidy-0,CZ,Y,heat_production_PJ,,,0.674,,,,0.04,-0,,-0,,7.444,9.917,,,,,,,48.475,31.319,,,,,,,
subsidy-0,CZ,Y,import_TWh,,12.813,,,,,,,,,,,,,,,,,,,,,,,,,,
subsidy-0,CZ,Y,inflow_TWh,,,,,,,,,,,,,,,0.59,1.321,,,,,,,,,,,0.031,
subsidy-0,CZ,Y,load_TWh,,70.567,,,,,,,,,,,,,,,,,,,,,,,,,,
subsidy-0,CZ,Y,net_import_TWh,,5.866,,,,,,,,,,,,,,,,,,,,,,,,,,
subsidy-0,CZ,Y,opex_mn_EUR,,,145.11,0,184.302,0,0.966,-0,0,,435.548,655.029,407.407,0.214,1.771,2.639,,0.216,12.242,1034.824,329.984,0,145.06,621.206,0,2.122,1.757,0
subsidy-0,CZ,Y,power_share_high_value,,,,,,,,,,,,,,,,,,,,,,,,0.982,0.984,,,0.907
subsidy-0,CZ,Y,power_share_low_value,,,,,,,,,,,,,,,,,,,,,,,,0.018,0.015,,,0.091
subsidy-0,CZ,Y,power_share_zero_value,,,,,,,,,,,,,,,,,,,,,,,,0,0.001,,,0.002
subsidy-0,CZ,Y,production_TWh,,66.399,1.862,0,2.607,0,0.004,-0,0,0,4.047,6.131,2.755,0.001,0.59,1.319,0.271,0.108,0.098,4.488,2.78,0,1.313,28.237,1.128,0.53,0.439,7.689
subsidy-0,CZ,Y,production_el_eq_TWh,,,1.955,,,,0.004,-0,,0,,6.993,2.755,,,,,,,4.488,5.887,,,,,,,
subsidy-0,CZ,Y,production_excess_TWh,,,,,,,,,,,,,,,,,,,,,,,,,0,,,0
subsidy-0,CZ,Y,production_hours,,,7810,0,7317,0,412,0,0,0,5634,8240,5347,18,8739,8760,1097,1190,203,8760,5858,0,2481,,,958,1152,
subsidy-0,CZ,Y,production_used_TWh,,,,,,,,,,,,,,,,,,,,,,,,,1.128,,,7.689
subsidy-0,CZ,Y,wholesale_expenses_mn_EUR,539.539,,,,,,,,,,,,,,0,0,,12.027,,,,,,,,64.03,49.122,
subsidy-0,CZ,Y,wholesale_revenues_mn_EUR,76.13,,208.477,0,283.298,0,0.439,-0,0,,452.204,751.145,303.935,0.202,63.817,134.377,,12.006,11.893,468.716,646.057,0,150.94,2920.721,114.275,58.866,48.708,700.154
subsidy-10,CZ,S,avg_consumer_price_EUR_per_MWh,,101.374,,,,,,,,,,,,,,,,,,,,,,,,,,
subsidy-10,CZ,S,avg_producer_price_EUR_per_MWh,,101.238,,,,,,,,,,,,,,,,,,,,,,,,,,
subsidy-10,CZ,S,capacity_factor,,1.127,0.668,,0.688,0,0,0,,,0.22,0.198,0.462,0,0.153,0.411,0.004,0.1,0,0.459,0.327,0,0.684,0.776,0.204,0.131,0.132,0.18
subsidy-10,CZ,S,capex_mn_EUR_per_yr,,,90.376,0,49.707,42.24,1.812,33.671,0,,87.828,115.452,30.064,8.282,105.136,87.683,,6.724,103.488,65.339,247.431,128.128,46.464,3000.042,76.414,139.774,114.162,510.28
subsidy-10,CZ,S,charged_TWh,,4.182,,,,,,,,,,,,,0,0,0.091,0.048,,,,,,,,0.548,0.422,
subsidy-10,CZ,S,curtailment_TWh,,0,,,,,,,,,,,,,,,,,,,,,,,,,,
subsidy-10,CZ,S,discharged_TWh,,7.122,,,,,,,,,,,,,0.347,0.775,0.077,0.044,,,,,,,,0.393,0.323,
subsidy-10,CZ,S,emissions_MtCO2,,59.245,0,0,0,0,0,0,0,0,0.311,0.342,0.614,0,0,0,0,0,0,2.416,3.264,0,1.615,0,0,0,0,0
subsidy-10,CZ,S,export_TWh,,4.199,,,,,,,,,,,,,,,,,,,,,,,,,,
subsidy-10,CZ,S,heat_production_PJ,,,0.049,,,,0,0,,-0,,0.023,4.02,,,,,,,13.049,14.4,,,,,,,
subsidy-10,CZ,S,import_TWh,,6.479,,,,,,,,,,,,,,,,,,,,,,,,,,
subsidy-10,CZ,S,inflow_TWh,,,,,,,,,,,,,,,0.347,0.776,,,,,,,,,,,0.021,
subsidy-10,CZ,S,load_TWh,,32.277,,,,,,,,,,,,,,,,,,,,,,,,,,
subsidy-10,CZ,S,net_import_TWh,,2.28,,,,,,,,,,,,,,,,,,,,,,,,,,
subsidy-10,CZ,S,opex_mn_EUR,,,64.133,0,79.725,0,0,0,0,,87.615,95.791,165.163,0.022,1.041,,,0.088,0,267.885,197.723,0,176.638,301.727,0,1.574,1.293,0
subsidy-10,CZ,S,power_share_high_value,,,,,,,,,,,,,,,,,,,,,,,,0.964,0.963,,,0.874
subsidy-10,CZ,S,power_share_low_value,,,,,,,,,,,,,,,,,,,,,,,,0.036,0.037,,,0.126
subsidy-10,CZ,S,power_share_zero_value,,,,,,,,,,,,,,,,,,,,,,,,0,0,,,0
subsidy-10,CZ,S,production_TWh,,143.809,0.807,0,1.119,0,0,0,0,0,0.791,0.867,1.117,0,0.347,0.775,0.077,0.044,0,1.208,1.835,0,1.736,13.715,0.446,0.393,0.323,5.491
subsidy-10,CZ,S,production_el_eq_TWh,,,0.814,,,,0,0,,0,,0.87,1.117,,,,,,,1.208,3.264,,,,,,,
subsidy-10,CZ,S,production_excess_TWh,,,,,,,,,,,,,,,,,,,,,,,,,0,,,0
subsidy-10,CZ,S,production_hours,,,3524,0,3213,0,0,0,0,0,1653,1720,2139,2,4368,4368,261,484,0,3696,4368,0,3565,,,701,806,
subsidy-10,CZ,S,production_used_TWh,,,,,,,,,,,,,,,,,,,,,,,,,0.446,,,5.491
subsidy-10,CZ,S,wholesale_expenses_mn_EUR,191.896,,,,,,,,,,,,,,0,0,,4.674,,,,,,,,50.049,38.491,
subsidy-10,CZ,S,wholesale_revenues_mn_EUR,52.196,,86.068,0,117.918,0,0,0,0,,85.265,93.704,120.124,0.019,36.397,78.483,,4.669,0,125.21,326.769,0,183.333,1387.253,44.02,42.013,34.513,519.423
subsidy-10,CZ,W,avg_consumer_price_EUR_per_MWh,,106.97,,,,,,,,,,,,,,,,,,,,,,,,,,
subsidy-10,CZ,W,avg_producer_price_EUR_per_MWh,,107.09,,,,,,,,,,,,,,,,,,,,,,,,,,
subsidy-10,CZ,W,capacity_factor,,1.12,0.932,,0.911,0.008,0.044,0.009,,,0.698,0.722,0.469,0.001,0.107,0.287,0.024,0.139,0.414,0.863,0.896,0.001,0.949,0.817,0.311,0.041,0.042,0.071
subsidy-10,CZ,W,capex_mn_EUR_per_yr,,,90.376,0,49.707,42.24,1.812,33.671,0,,87.828,115.452,30.064,8.282,105.136,87.683,,6.724,103.488,65.339,247.431,128.128,46.464,3000.042,76.414,139.774,114.162,510.28
subsidy-10,CZ,W,charged_TWh,,4.182,,,,,,,,,,,,,0,0,0.615,0.068,,,,,,,,0.169,0.129,
subsidy-10,CZ,W,curtailment_TWh,,0.003,,,,,,,,,,,,,,,,,,,,,,,,,,
subsidy-10,CZ,W,discharged_TWh,,7.122,,,,,,,,,,,,,0.243,0.545,0.525,0.061,,,,,,,,0.123,0.104,
subsidy-10,CZ,W,emissions_MtCO2,,59.245,0,0,0,0.015,0.005,0.01,0,0,0.992,1.251,0.627,0,0,0,0,0,2.354,4.568,8.979,0.005,2.253,0,0,0,0,0
subsidy-10,CZ,W,export_TWh,,5.005,,,,,,,,,,,,,,,,,,,,,,,,,,
subsidy-10,CZ,W,heat_production_PJ,,,0.033,,,,0.035,0.025,,0,,0.135,4.104,,,,,,,24.669,37.54,,,,,,,
subsidy-10,CZ,W,import_TWh,,3.378,,,,,,,,,,,,,,,,,,,,,,,,,,
subsidy-10,CZ,W,inflow_TWh,,,,,,,,,,,,,,,0.243,0.545,,,,,,,,,,,0.01,
subsidy-10,CZ,W,load_TWh,,38.291,,,,,,,,,,,,,,,,,,,,,,,,,,
subsidy-10,CZ,W,net_import_TWh,,-1.627,,,,,,,,,,,,,,,,,,,,,,,,,,
subsidy-10,CZ,W,opex_mn_EUR,,,88.441,0,104.641,2.299,0.792,1.24,0,,269.577,338.334,168.595,0.059,0.73,1.089,,0.122,254.516,504.838,566.133,0.596,242.2,319.48,0,0.492,0.418,0
subsidy-10,CZ,W,power_share_high_value,,,,,,,,,,,,,,,,,,,,,,,,0.999,0.998,,,0.989
subsidy-10,CZ,W,power_share_low_value,,,,,,,,,,,,,,,,,,,,,,,,0,0.001,,,0.004
subsidy-10,CZ,W,power_share_zero_value,,,,,,,,,,,,,,,,,,,,,,,,0.001,0.002,,,0.007
subsidy-10,CZ,W,production_TWh,,143.809,1.137,0,1.488,0.018,0.003,0.01,0,0,2.524,3.169,1.14,0,0.243,0.545,0.525,0.061,2.354,2.284,5.255,0.004,2.422,14.522,0.682,0.123,0.104,2.198
subsidy-10,CZ,W,production_el_eq_TWh,,,1.142,,,,0.003,0.012,,0,,3.184,1.14,,,,,,,2.284,8.979,,,,,,,
subsidy-10,CZ,W,production_excess_TWh,,,,,,,,,,,,,,,,,,,,,,,,,0,,,0
subsidy-10,CZ,W,production_hours,,,4208,0,4122,67,320,69,0,0,3521,3654,2167,4,4369,4392,661,670,2353,4371,4392,18,4291,,,249,269,
subsidy-10,CZ,W,production_used_TWh,,,,,,,,,,,,,,,,,,,,,,,,,0.682,,,2.198
subsidy-10,CZ,W,wholesale_expenses_mn_EUR,85.794,,,,,,,,,,,,,,0,0,,7.17,,,,,,,,17.072,13.089,
subsidy-10,CZ,W,wholesale_revenues_mn_EUR,324.434,,122.772,0,159.89,2.211,0.357,1.47,0,,272.688,343.959,122.96,0.056,26.169,57.862,,6.605,254.954,244.883,959.582,0.552,260.252,1549.586,72.09,13.375,11.363,229.177
subsidy-10,CZ,Y,avg_consumer_price_EUR_per_MWh,,104.41,,,,,,,,,,,,,,,,,,,,,,,,,,
subsidy-10,CZ,Y,avg_producer_price_EUR_per_MWh,,104.595,,,,,,,,,,,,,,,,,,,,,,,,,,
subsidy-10,CZ,Y,capacity_GW,,29.224,0.279,0,0.372,0.528,0.017,0.311,0,,0.823,1.004,0.553,0.128,0.518,0.432,5,0.1,1.294,0.603,2.283,1.602,0.581,4.047,0.5,0.688,0.562,7
subsidy-10,CZ,Y,capacity_factor,,0.281,0.8,,0.8,0.004,0.022,0.004,,,0.46,0.461,0.466,0,0.13,0.349,0.014,0.12,0.208,0.661,0.612,0,0.817,0.796,0.258,0.086,0.087,0.125
subsidy-10,CZ,Y,capex_mn_EUR_per_yr,,,90.376,0,49.707,42.24,1.812,33.671,0,,87.828,115.452,30.064,8.282,105.136,87.683,,6.724,103.488,65.339,247.431,128.128,46.464,3000.042,76.414,139.774,114.162,510.28
subsidy-10,CZ,Y,charged_TWh,,2.091,,,,,,,,,,,,,0,0,0.706,0.116,,,,,,,,0.717,0.551,
subsidy-10,CZ,Y,curtailment_TWh,,0.003,,,,,,,,,,,,,,,,,,,,,,,,,,
subsidy-10,CZ,Y,discharged_TWh,,3.561,,,,,,,,,,,,,0.59,1.32,0.602,0.105,,,,,,,,0.516,0.428,
subsidy-10,CZ,Y,emissions_MtCO2,,29.622,0,0,0,0.015,0.005,0.01,0,0,1.302,1.593,1.241,0,0,0,0,0,2.354,6.985,12.243,0.005,3.868,0,0,0,0,0
subsidy-10,CZ,Y,export_TWh,,9.205,,,,,,,,,,,,,,,,,,,,,,,,,,
subsidy-10,CZ,Y,heat_production_PJ,,,0.081,,,,0.035,0.025,,-0,,0.158,8.124,,,,,,,37.718,51.94,,,,,,,
subsidy-10,CZ,Y,import_TWh,,9.857,,,,,,,,,,,,,,,,,,,,,,,,,,
subsidy-10,CZ,Y,inflow_TWh,,,,,,,,,,,,,,,0.59,1.321,,,,,,,,,,,0.031,
subsidy-10,CZ,Y,load_TWh,,70.567,,,,,,,,,,,,,,,,,,,,,,,,,,
subsidy-10,CZ,Y,net_import_TWh,,0.652,,,,,,,,,,,,,,,,,,,,,,,,,,
subsidy-10,CZ,Y,opex_mn_EUR,,,152.574,0,184.367,2.299,0.792,1.24,0,,357.192,434.125,333.758,0.081,1.771,2.639,,0.21,254.516,772.723,763.856,0.596,418.839,621.206,0,2.065,1.711,0
subsidy-10,CZ,Y,power_share_high_value,,,,,,,,,,,,,,,,,,,,,,,,0.982,0.984,,,0.907
subsidy-10,CZ,Y,power_share_low_value,,,,,,,,,,,,,,,,,,,,,,,,0.018,0.015,,,0.091
subsidy-10,CZ,Y,power_share_zero_value,,,,,,,,,,,,,,,,,,,,,,,,0,0.001,,,0.002
subsidy-10,CZ,Y,production_TWh,,71.904,1.944,0,2.607,0.018,0.003,0.01,0,0,3.315,4.036,2.257,0.001,0.59,1.32,0.602,0.105,2.354,3.492,7.09,0.004,4.158,28.237,1.128,0.516,0.428,7.689
subsidy-10,CZ,Y,production_el_eq_TWh,,,1.955,,,,0.003,0.012,,0,,4.055,2.257,,,,,,,3.492,12.243,,,,,,,
subsidy-10,CZ,Y,production_excess_TWh,,,,,,,,,,,,,,,,,,,,,,,,,0,,,0
subsidy-10,CZ,Y,production_hours,,,7732,0,7335,67,320,69,0,0,5174,5374,4306,6,8737,8760,922,1154,2353,8067,8760,18,7856,,,950,1075,
subsidy-10,CZ,Y,production_used_TWh,,,,,,,,,,,,,,,,,,,,,,,,,1.128,,,7.689
subsidy-10,CZ,Y,wholesale_expenses_mn_EUR,277.689,,,,,,,,,,,,,,0,0,,11.844,,,,,,,,67.121,51.579,
subsidy-10,CZ,Y,wholesale_revenues_mn_EUR,376.631,,208.84,0,277.808,2.211,0.357,1.47,0,,357.953,437.663,243.084,0.075,62.566,136.345,,11.274,254.954,370.092,1286.351,0.552,443.584,2936.839,116.11,55.388,45.877,748.6
subsidy-12.5,CZ,S,avg_consumer_price_EUR_per_MWh,,100.312,,,,,,,,,,,,,,,,,,,,,,,,,,
subsidy-12.5,CZ,S,avg_producer_price_EUR_per_MWh,,100.213,,,,,,,,,,,,,,,,,,,,,,,,,,
subsidy-12.5,CZ,S,capacity_factor,,1.151,0.67,,0.691,0,0,0,,,0.135,0.115,0.455,0,0.153,0.411,0.01,0.1,0,0.221,0.537,0,0.74,0.776,0.204,0.13,0.131,0.18
subsidy-12.5,CZ,S,capex_mn_EUR_per_yr,,,90.376,0,49.707,42.24,1.812,33.671,0,,87.828,115.452,30.064,8.282,105.136,87.683,,6.724,103.488,65.339,247.431,128.128,46.464,3000.042,76.414,139.774,114.162,510.28
subsidy-12.5,CZ,S,charged_TWh,,4.828,,,,,,,,,,,,,0,0,0.274,0.048,,,,,,,,0.546,0.418,
subsidy-12.5,CZ,S,curtailment_TWh,,0,,,,,,,,,,,,,,,,,,,,,,,,,,
subsidy-12.5,CZ,S,discharged_TWh,,7.661,,,,,,,,,,,,,0.347,0.775,0.228,0.044,,,,,,,,0.392,0.321,
subsidy-12.5,CZ,S,emissions_MtCO2,,64.08,0,0,0,0,0,0,0,0,0.19,0.199,0.605,0,0,0,0,0,0,1.163,5.354,0,1.746,0,0,0,0,0
subsidy-12.5,CZ,S,export_TWh,,4.322,,,,,,,,,,,,,,,,,,,,,,,,,,
subsidy-12.5,CZ,S,heat_production_PJ,,,0.011,,,,0,0,,0,,0,3.961,,,,,,,6.282,21.403,,,,,,,
subsidy-12.5,CZ,S,import_TWh,,6.364,,,,,,,,,,,,,,,,,,,,,,,,,,
subsidy-12.5,CZ,S,inflow_TWh,,,,,,,,,,,,,,,0.347,0.776,,,,,,,,,,,0.021,
subsidy-12.5,CZ,S,load_TWh,,32.277,,,,,,,,,,,,,,,,,,,,,,,,,,
subsidy-12.5,CZ,S,net_import_TWh,,2.042,,,,,,,,,,,,,,,,,,,,,,,,,,
subsidy-12.5,CZ,S,opex_mn_EUR,,,64.794,0,80.017,0,0,0,0,,53.468,55.942,162.727,0.022,1.04,,,0.087,0,131.372,340.059,0,186.186,301.727,0,1.569,1.282,0
subsidy-12.5,CZ,S,power_share_high_value,,,,,,,,,,,,,,,,,,,,,,,,0.964,0.963,,,0.874
subsidy-12.5,CZ,S,power_share_low_value,,,,,,,,,,,,,,,,,,,,,,,,0.036,0.037,,,0.126
subsidy-12.5,CZ,S,power_share_zero_value,,,,,,,,,,,,,,,,,,,,,,,,0,0,,,0
subsidy-12.5,CZ,S,production_TWh,,146.908,0.814,0,1.123,0,0,0,0,0,0.484,0.506,1.1,0,0.347,0.775,0.228,0.044,0,0.582,3.231,0,1.877,13.715,0.446,0.392,0.321,5.491
subsidy-12.5,CZ,S,production_el_eq_TWh,,,0.816,,,,0,0,,0,,0.506,1.1,,,,,,,0.582,5.354,,,,,,,
subsidy-12.5,CZ,S,production_excess_TWh,,,,,,,,,,,,,,,,,,,,,,,,,0,,,0
subsidy-12.5,CZ,S,production_hours,,,3533,0,3220,0,0,0,0,0,1123,1206,2109,2,4368,4368,402,479,0,2749,4368,0,3734,,,709,809,
subsidy-12.5,CZ,S,production_used_TWh,,,,,,,,,,,,,,,,,,,,,,,,,0.446,,,5.491
subsidy-12.5,CZ,S,wholesale_expenses_mn_EUR,184.299,,,,,,,,,,,,,,0,0,,4.61,,,,,,,,49.463,37.763,
subsidy-12.5,CZ,S,wholesale_revenues_mn_EUR,66.181,,85.229,0,116.842,0,0,0,0,,51.481,53.811,116.353,0.019,35.854,77.655,,4.573,0,61.252,537.626,0,194.955,1372.784,43.583,41.116,33.607,516.422
subsidy-12.5,CZ,W,avg_consumer_price_EUR_per_MWh,,105.67,,,,,,,,,,,,,,,,,,,,,,,,,,
subsidy-12.5,CZ,W,avg_producer_price_EUR_per_MWh,,105.761,,,,,,,,,,,,,,,,,,,,,,,,,,
subsidy-12.5,CZ,W,capacity_factor,,1.145,0.93,,0.908,0.017,0.085,0.023,,,0.585,0.575,0.457,0.001,0.107,0.287,0.03,0.139,0.641,0.823,0.996,0.001,0.96,0.817,0.311,0.041,0.042,0.071
subsidy-12.5,CZ,W,capex_mn_EUR_per_yr,,,90.376,0,49.707,42.24,1.812,33.671,0,,87.828,115.452,30.064,8.282,105.136,87.683,,6.724,103.488,65.339,247.431,128.128,46.464,3000.042,76.414,139.774,114.162,510.28
subsidy-12.5,CZ,W,charged_TWh,,4.828,,,,,,,,,,,,,0,0,0.761,0.068,,,,,,,,0.171,0.128,
subsidy-12.5,CZ,W,curtailment_TWh,,0.003,,,,,,,,,,,,,,,,,,,,,,,,,,
subsidy-12.5,CZ,W,discharged_TWh,,7.661,,,,,,,,,,,,,0.244,0.545,0.648,0.061,,,,,,,,0.124,0.103,
subsidy-12.5,CZ,W,emissions_MtCO2,,64.08,0,0,0,0.034,0.011,0.027,0,0,0.831,0.997,0.61,0,0,0,0,0,3.64,4.357,9.99,0.011,2.277,0,0,0,0,0
subsidy-12.5,CZ,W,export_TWh,,5.685,,,,,,,,,,,,,,,,,,,,,,,,,,
subsidy-12.5,CZ,W,heat_production_PJ,,,0.018,,,,0.067,0.062,,0,,0.103,3.996,,,,,,,23.526,38.852,,,,,,,
subsidy-12.5,CZ,W,import_TWh,,3.014,,,,,,,,,,,,,,,,,,,,,,,,,,
subsidy-12.5,CZ,W,inflow_TWh,,,,,,,,,,,,,,,0.243,0.545,,,,,,,,,,,0.01,
subsidy-12.5,CZ,W,load_TWh,,38.291,,,,,,,,,,,,,,,,,,,,,,,,,,
subsidy-12.5,CZ,W,net_import_TWh,,-2.671,,,,,,,,,,,,,,,,,,,,,,,,,,
subsidy-12.5,CZ,W,opex_mn_EUR,,,88.475,0,104.362,4.863,1.509,3.105,0,,226.358,270.335,164.16,0.059,0.731,1.089,,0.122,383.542,476.366,645.025,1.243,238.608,319.48,0,0.497,0.413,0
subsidy-12.5,CZ,W,power_share_high_value,,,,,,,,,,,,,,,,,,,,,,,,0.999,0.998,,,0.989
subsidy-12.5,CZ,W,power_share_low_value,,,,,,,,,,,,,,,,,,,,,,,,0,0.001,,,0.004
subsidy-12.5,CZ,W,power_share_zero_value,,,,,,,,,,,,,,,,,,,,,,,,0.001,0.002,,,0.007
subsidy-12.5,CZ,W,production_TWh,,146.908,1.137,0,1.484,0.04,0.006,0.025,0,0,2.114,2.525,1.11,0,0.244,0.545,0.648,0.061,3.64,2.178,6.135,0.01,2.448,14.522,0.682,0.124,0.103,2.198
subsidy-12.5,CZ,W,production_el_eq_TWh,,,1.139,,,,0.006,0.031,,0,,2.537,1.11,,,,,,,2.178,9.99,,,,,,,
subsidy-12.5,CZ,W,production_excess_TWh,,,,,,,,,,,,,,,,,,,,,,,,,0,,,0
subsidy-12.5,CZ,W,production_hours,,,4209,0,4094,146,556,164,0,0,3091,3049,2094,4,4372,4392,680,672,3137,4280,4392,33,4318,,,234,278,
subsidy-12.5,CZ,W,production_used_TWh,,,,,,,,,,,,,,,,,,,,,,,,,0.682,,,2.198
subsidy-12.5,CZ,W,wholesale_expenses_mn_EUR,67.035,,,,,,,,,,,,,,0,0,,7.072,,,,,,,,17.062,12.753,
subsidy-12.5,CZ,W,wholesale_revenues_mn_EUR,409.557,,120.939,0,157.483,4.667,0.682,3.647,0,,225.646,270.704,118.236,0.056,25.851,57.249,,6.508,387.917,231.148,1053.956,1.172,259.454,1530.953,71.293,13.322,11.054,226.415
subsidy-12.5,CZ,Y,avg_consumer_price_EUR_per_MWh,,103.219,,,,,,,,,,,,,,,,,,,,,,,,,,
subsidy-12.5,CZ,Y,avg_producer_price_EUR_per_MWh,,103.421,,,,,,,,,,,,,,,,,,,,,,,,,,
subsidy-12.5,CZ,Y,capacity_GW,,29.224,0.279,0,0.372,0.528,0.017,0.311,0,,0.823,1.004,0.553,0.128,0.518,0.432,5,0.1,1.294,0.603,2.283,1.602,0.581,4.047,0.5,0.688,0.562,7
subsidy-12.5,CZ,Y,capacity_factor,,0.287,0.8,,0.8,0.009,0.042,0.012,,,0.36,0.346,0.456,0,0.13,0.349,0.02,0.12,0.321,0.523,0.767,0.001,0.85,0.796,0.258,0.086,0.086,0.125
subsidy-12.5,CZ,Y,capex_mn_EUR_per_yr,,,90.376,0,49.707,42.24,1.812,33.671,0,,87.828,115.452,30.064,8.282,105.136,87.683,,6.724,103.488,65.339,247.431,128.128,46.464,3000.042,76.414,139.774,114.162,510.28
subsidy-12.5,CZ,Y,charged_TWh,,2.414,,,,,,,,,,,,,0,0,1.035,0.116,,,,,,,,0.717,0.546,
subsidy-12.5,CZ,Y,curtailment_TWh,,0.003,,,,,,,,,,,,,,,,,,,,,,,,,,
subsidy-12.5,CZ,Y,discharged_TWh,,3.831,,,,,,,,,,,,,0.59,1.32,0.875,0.105,,,,,,,,0.517,0.424,
subsidy-12.5,CZ,Y,emissions_MtCO2,,32.04,0,0,0,0.034,0.011,0.027,0,0,1.021,1.195,1.216,0,0,0,0,0,3.64,5.52,15.344,0.011,4.023,0,0,0,0,0
subsidy-12.5,CZ,Y,export_TWh,,10.007,,,,,,,,,,,,,,,,,,,,,,,,,,
subsidy-12.5,CZ,Y,heat_production_PJ,,,0.029,,,,0.067,0.062,,0,,0.103,7.957,,,,,,,29.808,60.255,,,,,,,
subsidy-12.5,CZ,Y,import_TWh,,9.377,,,,,,,,,,,,,,,,,,,,,,,,,,
subsidy-12.5,CZ,Y,inflow_TWh,,,,,,,,,,,,,,,0.59,1.321,,,,,,,,,,,0.031,
subsidy-12.5,CZ,Y,load_TWh,,70.567,,,,,,,,,,,,,,,,,,,,,,,,,,
subsidy-12.5,CZ,Y,net_import_TWh,,-0.629,,,,,,,,,,,,,,,,,,,,,,,,,,
subsidy-12.5,CZ,Y,opex_mn_EUR,,,153.269,0,184.379,4.863,1.509,3.105,0,,279.826,326.278,326.887,0.081,1.771,2.639,,0.21,383.542,607.738,985.083,1.243,424.794,621.206,0,2.066,1.695,0
subsidy-12.5,CZ,Y,power_share_high_value,,,,,,,,,,,,,,,,,,,,,,,,0.982,0.984,,,0.907
subsidy-12.5,CZ,Y,power_share_low_value,,,,,,,,,,,,,,,,,,,,,,,,0.018,0.015,,,0.091
subsidy-12.5,CZ,Y,power_share_zero_value,,,,,,,,,,,,,,,,,,,,,,,,0,0.001,,,0.002
subsidy-12.5,CZ,Y,production_TWh,,73.454,1.951,0,2.607,0.04,0.006,0.025,0,0,2.598,3.031,2.21,0.001,0.59,1.32,0.875,0.105,3.64,2.76,9.366,0.01,4.325,28.237,1.128,0.517,0.424,7.689
subsidy-12.5,CZ,Y,production_el_eq_TWh,,,1.955,,,,0.006,0.031,,0,,3.043,2.21,,,,,,,2.76,15.344,,,,,,,
subsidy-12.5,CZ,Y,production_excess_TWh,,,,,,,,,,,,,,,,,,,,,,,,,0,,,0
subsidy-12.5,CZ,Y,production_hours,,,7742,0,7314,146,556,164,0,0,4214,4255,4203,6,8740,8760,1082,1151,3137,7029,8760,33,8052,,,943,1087,
subsidy-12.5,CZ,Y,production_used_TWh,,,,,,,,,,,,,,,,,,,,,,,,,1.128,,,7.689
subsidy-12.5,CZ,Y,wholesale_expenses_mn_EUR,251.334,,,,,,,,,,,,,,0,0,,11.681,,,,,,,,66.525,50.516,
subsidy-12.5,CZ,Y,wholesale_revenues_mn_EUR,475.738,,206.168,0,274.325,4.667,0.682,3.647,0,,277.128,324.515,234.589,0.075,61.705,134.905,,11.081,387.917,292.399,1591.582,1.172,454.409,2903.736,114.876,54.437,44.661,742.837
subsidy-15,CZ,S,avg_consumer_price_EUR_per_MWh,,98.602,,,,,,,,,,,,,,,,,,,,,,,,,,
subsidy-15,CZ,S,avg_producer_price_EUR_per_MWh,,98.628,,,,,,,,,,,,,,,,,,,,,,,,,,
subsidy-15,CZ,S,capacity_factor,,1.186,0.671,,0.688,0,0,0,,,0.019,0.018,0.437,0,0.154,0.411,0.019,0.1,0.128,0.168,0.7,0,0.739,0.776,0.204,0.13,0.131,0.18
subsidy-15,CZ,S,capex_mn_EUR_per_yr,,,90.376,0,49.707,42.24,1.812,33.671,0,,87.828,115.452,30.064,8.282,105.136,87.683,,6.724,103.488,65.339,247.431,128.128,46.464,3000.042,76.414,139.774,114.162,510.28
subsidy-15,CZ,S,charged_TWh,,5.354,,,,,,,,,,,,,0,0,0.51,0.049,,,,,,,,0.543,0.418,
subsidy-15,CZ,S,curtailment_TWh,,0,,,,,,,,,,,,,,,,,,,,,,,,,,
subsidy-15,CZ,S,discharged_TWh,,8.082,,,,,,,,,,,,,0.347,0.775,0.416,0.044,,,,,,,,0.39,0.32,
subsidy-15,CZ,S,emissions_MtCO2,,70.018,0,0,0,0,0,0,0,0,0.027,0.032,0.581,0,0,0,0,0,0.722,0.885,6.978,0,1.745,0,0,0,0,0
subsidy-15,CZ,S,export_TWh,,4.986,,,,,,,,,,,,,,,,,,,,,,,,,,
subsidy-15,CZ,S,heat_production_PJ,,,0.009,,,,0,0,,0,,0,3.8,,,,,,,4.777,23.241,,,,,,,
subsidy-15,CZ,S,import_TWh,,5.892,,,,,,,,,,,,,,,,,,,,,,,,,,
subsidy-15,CZ,S,inflow_TWh,,,,,,,,,,,,,,,0.347,0.776,,,,,,,,,,,0.021,
subsidy-15,CZ,S,load_TWh,,32.277,,,,,,,,,,,,,,,,,,,,,,,,,,
subsidy-15,CZ,S,net_import_TWh,,0.906,,,,,,,,,,,,,,,,,,,,,,,,,,
subsidy-15,CZ,S,opex_mn_EUR,,,65.099,0,79.619,0,0,0,0,,7.877,9.362,156.103,0.011,1.041,,,0.088,75.479,99.921,483.105,0,181.403,301.727,0,1.561,1.281,0
subsidy-15,CZ,S,power_share_high_value,,,,,,,,,,,,,,,,,,,,,,,,0.964,0.963,,,0.874
subsidy-15,CZ,S,power_share_low_value,,,,,,,,,,,,,,,,,,,,,,,,0.036,0.037,,,0.126
subsidy-15,CZ,S,power_share_zero_value,,,,,,,,,,,,,,,,,,,,,,,,0,0,,,0
subsidy-15,CZ,S,production_TWh,,151.382,0.817,0,1.117,0,0,0,0,0,0.069,0.081,1.055,0,0.347,0.775,0.416,0.044,0.722,0.442,4.672,0,1.876,13.715,0.446,0.39,0.32,5.491
subsidy-15,CZ,S,production_el_eq_TWh,,,0.818,,,,0,0,,0,,0.081,1.055,,,,,,,0.442,6.978,,,,,,,
subsidy-15,CZ,S,production_excess_TWh,,,,,,,,,,,,,,,,,,,,,,,,,0,,,0
subsidy-15,CZ,S,production_hours,,,3581,0,3208,0,0,0,0,0,246,300,2011,1,4368,4368,508,479,1321,2612,4368,0,3734,,,693,799,
subsidy-15,CZ,S,production_used_TWh,,,,,,,,,,,,,,,,,,,,,,,,,0.446,,,5.491
subsidy-15,CZ,S,wholesale_expenses_mn_EUR,148.343,,,,,,,,,,,,,,0,0,,4.557,,,,,,,,48.609,37.444,
subsidy-15,CZ,S,wholesale_revenues_mn_EUR,136.222,,83.855,0,113.866,0,0,0,0,,7.295,8.624,109.109,0.009,35.155,76.341,,4.487,74.339,45.653,694.476,0,191.129,1349.238,42.849,40.036,32.864,510.489
subsidy-15,CZ,W,avg_consumer_price_EUR_per_MWh,,105.397,,,,,,,,,,,,,,,,,,,,,,,,,,
subsidy-15,CZ,W,avg_producer_price_EUR_per_MWh,,105.544,,,,,,,,,,,,,,,,,,,,,,,,,,
subsidy-15,CZ,W,capacity_factor,,1.179,0.928,,0.912,0.053,0.104,0.115,,,0.494,0.507,0.446,0,0.107,0.287,0.03,0.14,0.856,0.84,0.998,0.003,0.96,0.817,0.311,0.043,0.044,0.071
subsidy-15,CZ,W,capex_mn_EUR_per_yr,,,90.376,0,49.707,42.24,1.812,33.671,0,,87.828,115.452,30.064,8.282,105.136,87.683,,6.724,103.488,65.339,247.431,128.128,46.464,3000.042,76.414,139.774,114.162,510.28
subsidy-15,CZ,W,charged_TWh,,5.354,,,,,,,,,,,,,0,0,0.778,0.068,,,,,,,,0.178,0.133,
subsidy-15,CZ,W,curtailment_TWh,,0.003,,,,,,,,,,,,,,,,,,,,,,,,,,
subsidy-15,CZ,W,discharged_TWh,,8.082,,,,,,,,,,,,,0.243,0.545,0.662,0.061,,,,,,,,0.129,0.107,
subsidy-15,CZ,W,emissions_MtCO2,,70.018,0,0,0,0.104,0.013,0.133,0,0,0.702,0.879,0.596,0,0,0,0,0,4.862,4.448,10.005,0.023,2.278,0,0,0,0,0
subsidy-15,CZ,W,export_TWh,,6.241,,,,,,,,,,,,,,,,,,,,,,,,,,
subsidy-15,CZ,W,heat_production_PJ,,,0.015,,,,0.082,0.409,,0,,0.062,3.899,,,,,,,24.019,38.147,,,,,,,
subsidy-15,CZ,W,import_TWh,,2.682,,,,,,,,,,,,,,,,,,,,,,,,,,
subsidy-15,CZ,W,inflow_TWh,,,,,,,,,,,,,,,0.243,0.545,,,,,,,,,,,0.01,
subsidy-15,CZ,W,load_TWh,,38.291,,,,,,,,,,,,,,,,,,,,,,,,,,
subsidy-15,CZ,W,net_import_TWh,,-3.559,,,,,,,,,,,,,,,,,,,,,,,,,,
subsidy-15,CZ,W,opex_mn_EUR,,,88.373,0,104.742,14.186,1.83,13.403,0,,190.85,238.27,160.188,0.03,0.73,1.089,,0.123,500.755,480.724,638.391,2.511,232.608,319.48,0,0.515,0.43,0
subsidy-15,CZ,W,power_share_high_value,,,,,,,,,,,,,,,,,,,,,,,,0.999,0.998,,,0.989
subsidy-15,CZ,W,power_share_low_value,,,,,,,,,,,,,,,,,,,,,,,,0,0.001,,,0.004
subsidy-15,CZ,W,power_share_zero_value,,,,,,,,,,,,,,,,,,,,,,,,0.001,0.002,,,0.007
subsidy-15,CZ,W,production_TWh,,151.382,1.135,0,1.49,0.122,0.008,0.116,0,0,1.786,2.229,1.083,0,0.243,0.545,0.662,0.061,4.862,2.224,6.22,0.02,2.449,14.522,0.682,0.129,0.107,2.198
subsidy-15,CZ,W,production_el_eq_TWh,,,1.137,,,,0.008,0.157,,0,,2.236,1.083,,,,,,,2.224,10.005,,,,,,,
subsidy-15,CZ,W,production_excess_TWh,,,,,,,,,,,,,,,,,,,,,,,,,0,,,0
subsidy-15,CZ,W,production_hours,,,4209,0,4120,427,668,856,0,0,2562,2648,2053,3,4371,4392,676,668,4090,4285,4392,64,4318,,,228,299,
subsidy-15,CZ,W,production_used_TWh,,,,,,,,,,,,,,,,,,,,,,,,,0.682,,,2.198
subsidy-15,CZ,W,wholesale_expenses_mn_EUR,45.809,,,,,,,,,,,,,,0,0,,7.072,,,,,,,,17.675,13.239,
subsidy-15,CZ,W,wholesale_revenues_mn_EUR,475.184,,120.413,0,157.637,13.812,0.843,17.444,0,,192.34,240.789,115.428,0.028,25.704,56.915,,6.506,515.907,235.741,1052.003,2.388,258.879,1524.523,70.779,13.775,11.474,225.386
subsidy-15,CZ,Y,avg_consumer_price_EUR_per_MWh,,102.289,,,,,,,,,,,,,,,,,,,,,,,,,,
subsidy-15,CZ,Y,avg_producer_price_EUR_per_MWh,,102.6,,,,,,,,,,,,,,,,,,,,,,,,,,
subsidy-15,CZ,Y,capacity_GW,,29.224,0.279,0,0.372,0.528,0.017,0.311,0,,0.823,1.004,0.553,0.128,0.518,0.432,5,0.1,1.294,0.603,2.283,1.602,0.581,4.047,0.5,0.688,0.562,7
subsidy-15,CZ,Y,capacity_factor,,0.296,0.8,,0.8,0.026,0.052,0.058,,,0.257,0.263,0.441,0,0.13,0.349,0.025,0.12,0.493,0.505,0.849,0.001,0.85,0.796,0.258,0.086,0.087,0.125
subsidy-15,CZ,Y,capex_mn_EUR_per_yr,,,90.376,0,49.707,42.24,1.812,33.671,0,,87.828,115.452,30.064,8.282,105.136,87.683,,6.724,103.488,65.339,247.431,128.128,46.464,3000.042,76.414,139.774,114.162,510.28
subsidy-15,CZ,Y,charged_TWh,,2.677,,,,,,,,,,,,,0,0,1.289,0.116,,,,,,,,0.721,0.551,
subsidy-15,CZ,Y,curtailment_TWh,,0.003,,,,,,,,,,,,,,,,,,,,,,,,,,
subsidy-15,CZ,Y,discharged_TWh,,4.041,,,,,,,,,,,,,0.59,1.32,1.079,0.105,,,,,,,,0.519,0.428,
subsidy-15,CZ,Y,emissions_MtCO2,,35.009,0,0,0,0.104,0.013,0.133,0,0,0.729,0.91,1.176,0,0,0,0,0,5.584,5.333,16.982,0.023,4.023,0,0,0,0,0
subsidy-15,CZ,Y,export_TWh,,11.227,,,,,,,,,,,,,,,,,,,,,,,,,,
subsidy-15,CZ,Y,heat_production_PJ,,,0.023,,,,0.082,0.409,,0,,0.062,7.699,,,,,,,28.797,61.388,,,,,,,
subsidy-15,CZ,Y,import_TWh,,8.574,,,,,,,,,,,,,,,,,,,,,,,,,,
subsidy-15,CZ,Y,inflow_TWh,,,,,,,,,,,,,,,0.59,1.321,,,,,,,,,,,0.031,
subsidy-15,CZ,Y,load_TWh,,70.567,,,,,,,,,,,,,,,,,,,,,,,,,,
subsidy-15,CZ,Y,net_import_TWh,,-2.653,,,,,,,,,,,,,,,,,,,,,,,,,,
subsidy-15,CZ,Y,opex_mn_EUR,,,153.473,0,184.361,14.186,1.83,13.403,0,,198.727,247.632,316.292,0.041,1.771,2.639,,0.21,576.234,580.646,1121.496,2.511,414.01,621.206,0,2.077,1.711,0
subsidy-15,CZ,Y,power_share_high_value,,,,,,,,,,,,,,,,,,,,,,,,0.982,0.984,,,0.907
subsidy-15,CZ,Y,power_share_low_value,,,,,,,,,,,,,,,,,,,,,,,,0.018,0.015,,,0.091
subsidy-15,CZ,Y,power_share_zero_value,,,,,,,,,,,,,,,,,,,,,,,,0,0.001,,,0.002
subsidy-15,CZ,Y,production_TWh,,75.691,1.952,0,2.607,0.122,0.008,0.116,0,0,1.855,2.31,2.139,0,0.59,1.32,1.079,0.105,5.584,2.666,10.892,0.02,4.325,28.237,1.128,0.519,0.428,7.689
subsidy-15,CZ,Y,production_el_eq_TWh,,,1.955,,,,0.008,0.157,,0,,2.317,2.139,,,,,,,2.666,16.982,,,,,,,
subsidy-15,CZ,Y,production_excess_TWh,,,,,,,,,,,,,,,,,,,,,,,,,0,,,0
subsidy-15,CZ,Y,production_hours,,,7790,0,7328,427,668,856,0,0,2808,2948,4064,4,8739,8760,1184,1147,5411,6897,8760,64,8052,,,921,1098,
subsidy-15,CZ,Y,production_used_TWh,,,,,,,,,,,,,,,,,,,,,,,,,1.128,,,7.689
subsidy-15,CZ,Y,wholesale_expenses_mn_EUR,194.153,,,,,,,,,,,,,,0,0,,11.629,,,,,,,,66.285,50.683,
subsidy-15,CZ,Y,wholesale_revenues_mn_EUR,611.407,,204.268,0,271.503,13.812,0.843,17.444,0,,199.636,249.412,224.536,0.038,60.86,133.256,,10.993,590.245,281.394,1746.48,2.388,450.007,2873.76,113.628,53.812,44.338,735.876
subsidy-17.5,CZ,S,avg_consumer_price_EUR_per_MWh,,96.7,,,,,,,,,,,,,,,,,,,,,,,,,,
subsidy-17.5,CZ,S,avg_producer_price_EUR_per_MWh,,96.818,,,,,,,,,,,,,,,,,,,,,,,,,,
subsidy-17.5,CZ,S,capacity_factor,,1.225,0.678,,0.685,0,-0,0,,,0.004,0.002,0.423,0,0.153,0.411,0.019,0.1,0.41,0.177,0.701,0,0.739,0.776,0.204,0.132,0.133,0.18
subsidy-17.5,CZ,S,capex_mn_EUR_per_yr,,,90.376,0,49.707,42.24,1.812,33.671,0,,87.828,115.452,30.064,8.282,105.136,87.683,,6.724,103.488,65.339,247.431,128.128,46.464,3000.042,76.414,139.774,114.162,510.28
subsidy-17.5,CZ,S,charged_TWh,,5.536,,,,,,,,,,,,,0,0,0.518,0.049,,,,,,,,0.553,0.425,
subsidy-17.5,CZ,S,curtailment_TWh,,0,,,,,,,,,,,,,,,,,,,,,,,,,,
subsidy-17.5,CZ,S,discharged_TWh,,8.223,,,,,,,,,,,,,0.347,0.775,0.42,0.044,,,,,,,,0.398,0.326,
subsidy-17.5,CZ,S,emissions_MtCO2,,75.168,0,0,0,0,-0,0,0,0,0.006,0.004,0.563,0,0,0,0,0,2.315,0.93,6.991,0,1.743,0,0,0,0,0
subsidy-17.5,CZ,S,export_TWh,,5.935,,,,,,,,,,,,,,,,,,,,,,,,,,
subsidy-17.5,CZ,S,heat_production_PJ,,,0.013,,,,-0,0,,0,,-0,3.684,,,,,,,5.023,23.123,,,,,,,
subsidy-17.5,CZ,S,import_TWh,,5.358,,,,,,,,,,,,,,,,,,,,,,,,,,
subsidy-17.5,CZ,S,inflow_TWh,,,,,,,,,,,,,,,0.347,0.776,,,,,,,,,,,0.021,
subsidy-17.5,CZ,S,load_TWh,,32.277,,,,,,,,,,,,,,,,,,,,,,,,,,
subsidy-17.5,CZ,S,net_import_TWh,,-0.576,,,,,,,,,,,,,,,,,,,,,,,,,,
subsidy-17.5,CZ,S,opex_mn_EUR,,,65.923,0,79.387,0,-0,0,0,,1.689,1.254,151.341,0.011,1.04,,,0.088,237.275,103.798,473.919,0,176.586,301.727,0,1.59,1.304,0
subsidy-17.5,CZ,S,power_share_high_value,,,,,,,,,,,,,,,,,,,,,,,,0.964,0.963,,,0.874
subsidy-17.5,CZ,S,power_share_low_value,,,,,,,,,,,,,,,,,,,,,,,,0.036,0.037,,,0.126
subsidy-17.5,CZ,S,power_share_zero_value,,,,,,,,,,,,,,,,,,,,,,,,0,0,,,0
subsidy-17.5,CZ,S,production_TWh,,156.391,0.825,0,1.114,0,-0,0,0,0,0.015,0.011,1.023,0,0.347,0.775,0.42,0.044,2.315,0.465,4.697,0,1.874,13.715,0.446,0.398,0.326,5.491
subsidy-17.5,CZ,S,production_el_eq_TWh,,,0.826,,,,-0,0,,0,,0.011,1.023,,,,,,,0.465,6.991,,,,,,,
subsidy-17.5,CZ,S,production_excess_TWh,,,,,,,,,,,,,,,,,,,,,,,,,0,,,0
subsidy-17.5,CZ,S,production_hours,,,3605,0,3198,0,0,0,0,0,66,40,1937,1,4368,4368,519,479,2826,2508,4368,0,3734,,,688,787,
subsidy-17.5,CZ,S,production_used_TWh,,,,,,,,,,,,,,,,,,,,,,,,,0.446,,,5.491
subsidy-17.5,CZ,S,wholesale_expenses_mn_EUR,116.873,,,,,,,,,,,,,,0,0,,4.511,,,,,,,,49.029,37.671,
subsidy-17.5,CZ,S,wholesale_revenues_mn_EUR,246.498,,82.742,0,110.847,0,-0,0,0,,1.551,1.146,102.998,0.009,34.283,74.877,,4.377,231.978,46.716,681.136,0,186.851,1323.118,42.215,39.74,32.559,503.719
subsidy-17.5,CZ,W,avg_consumer_price_EUR_per_MWh,,104.548,,,,,,,,,,,,,,,,,,,,,,,,,,
subsidy-17.5,CZ,W,avg_producer_price_EUR_per_MWh,,104.771,,,,,,,,,,,,,,,,,,,,,,,,,,
subsidy-17.5,CZ,W,capacity_factor,,1.218,0.921,,0.914,0.205,0.109,0.324,,,0.474,0.481,0.435,0,0.107,0.287,0.032,0.14,0.921,0.861,0.998,0.01,0.961,0.817,0.311,0.043,0.045,0.071
subsidy-17.5,CZ,W,capex_mn_EUR_per_yr,,,90.376,0,49.707,42.24,1.812,33.671,0,,87.828,115.452,30.064,8.282,105.136,87.683,,6.724,103.488,65.339,247.431,128.128,46.464,3000.042,76.414,139.774,114.162,510.28
subsidy-17.5,CZ,W,charged_TWh,,5.536,,,,,,,,,,,,,0,0,0.837,0.068,,,,,,,,0.181,0.138,
subsidy-17.5,CZ,W,curtailment_TWh,,0.003,,,,,,,,,,,,,,,,,,,,,,,,,,
subsidy-17.5,CZ,W,discharged_TWh,,8.223,,,,,,,,,,,,,0.244,0.545,0.712,0.061,,,,,,,,0.131,0.111,
subsidy-17.5,CZ,W,emissions_MtCO2,,75.168,0,0,0,0.403,0.014,0.374,0,0,0.673,0.834,0.581,0,0,0,0,0,5.234,4.558,10.006,0.076,2.28,0,0,0,0,0
subsidy-17.5,CZ,W,export_TWh,,6.912,,,,,,,,,,,,,,,,,,,,,,,,,,
subsidy-17.5,CZ,W,heat_production_PJ,,,0.01,,,,0.086,1.217,,0,,0.014,3.802,,,,,,,24.613,36.923,,,,,,,
subsidy-17.5,CZ,W,import_TWh,,2.408,,,,,,,,,,,,,,,,,,,,,,,,,,
subsidy-17.5,CZ,W,inflow_TWh,,,,,,,,,,,,,,,0.243,0.545,,,,,,,,,,,0.01,
subsidy-17.5,CZ,W,load_TWh,,38.291,,,,,,,,,,,,,,,,,,,,,,,,,,
subsidy-17.5,CZ,W,net_import_TWh,,-4.504,,,,,,,,,,,,,,,,,,,,,,,,,,
subsidy-17.5,CZ,W,opex_mn_EUR,,,87.791,0,104.963,52.393,1.902,35.257,0,,183.303,227.055,156.214,0,0.732,1.089,,0.123,526.06,486.784,635.114,8.209,226.708,319.48,0,0.522,0.442,0
subsidy-17.5,CZ,W,power_share_high_value,,,,,,,,,,,,,,,,,,,,,,,,0.999,0.998,,,0.989
subsidy-17.5,CZ,W,power_share_low_value,,,,,,,,,,,,,,,,,,,,,,,,0,0.001,,,0.004
subsidy-17.5,CZ,W,power_share_zero_value,,,,,,,,,,,,,,,,,,,,,,,,0.001,0.002,,,0.007
subsidy-17.5,CZ,W,production_TWh,,156.391,1.127,0,1.493,0.476,0.008,0.321,0,0,1.714,2.121,1.056,0,0.244,0.545,0.712,0.061,5.234,2.279,6.343,0.068,2.451,14.522,0.682,0.131,0.111,2.198
subsidy-17.5,CZ,W,production_el_eq_TWh,,,1.129,,,,0.008,0.442,,0,,2.123,1.056,,,,,,,2.279,10.006,,,,,,,
subsidy-17.5,CZ,W,production_excess_TWh,,,,,,,,,,,,,,,,,,,,,,,,,0,,,0
subsidy-17.5,CZ,W,production_hours,,,4208,0,4125,1085,687,1557,0,0,2407,2556,1981,0,4370,4392,692,672,4186,4322,4392,115,4320,,,256,295,
subsidy-17.5,CZ,W,production_used_TWh,,,,,,,,,,,,,,,,,,,,,,,,,0.682,,,2.198
subsidy-17.5,CZ,W,wholesale_expenses_mn_EUR,32.7,,,,,,,,,,,,,,0,0,,7.028,,,,,,,,17.864,13.679,
subsidy-17.5,CZ,W,wholesale_revenues_mn_EUR,558.877,,118.583,0,156.721,52.137,0.877,48.04,0,,184.878,228.831,111.7,0,25.421,56.303,,6.453,549.949,239.773,1043.11,7.661,256.893,1510.542,70.085,13.722,11.602,223.868
subsidy-17.5,CZ,Y,avg_consumer_price_EUR_per_MWh,,100.959,,,,,,,,,,,,,,,,,,,,,,,,,,
subsidy-17.5,CZ,Y,avg_producer_price_EUR_per_MWh,,101.336,,,,,,,,,,,,,,,,,,,,,,,,,,
subsidy-17.5,CZ,Y,capacity_GW,,29.224,0.279,0,0.372,0.528,0.017,0.311,0,,0.823,1.004,0.553,0.128,0.518,0.432,5,0.1,1.294,0.603,2.283,1.602,0.581,4.047,0.5,0.688,0.562,7
subsidy-17.5,CZ,Y,capacity_factor,,0.305,0.8,,0.8,0.103,0.055,0.162,,,0.24,0.242,0.429,0,0.13,0.349,0.026,0.12,0.666,0.52,0.85,0.005,0.85,0.796,0.258,0.088,0.089,0.125
subsidy-17.5,CZ,Y,capex_mn_EUR_per_yr,,,90.376,0,49.707,42.24,1.812,33.671,0,,87.828,115.452,30.064,8.282,105.136,87.683,,6.724,103.488,65.339,247.431,128.128,46.464,3000.042,76.414,139.774,114.162,510.28
subsidy-17.5,CZ,Y,charged_TWh,,2.768,,,,,,,,,,,,,0,0,1.355,0.117,,,,,,,,0.733,0.563,
subsidy-17.5,CZ,Y,curtailment_TWh,,0.003,,,,,,,,,,,,,,,,,,,,,,,,,,
subsidy-17.5,CZ,Y,discharged_TWh,,4.112,,,,,,,,,,,,,0.59,1.32,1.132,0.105,,,,,,,,0.528,0.436,
subsidy-17.5,CZ,Y,emissions_MtCO2,,37.584,0,0,0,0.403,0.014,0.374,0,0,0.679,0.838,1.144,0,0,0,0,0,7.549,5.488,16.997,0.076,4.023,0,0,0,0,0
subsidy-17.5,CZ,Y,export_TWh,,12.847,,,,,,,,,,,,,,,,,,,,,,,,,,
subsidy-17.5,CZ,Y,heat_production_PJ,,,0.022,,,,0.086,1.217,,0,,0.014,7.486,,,,,,,29.636,60.046,,,,,,,
subsidy-17.5,CZ,Y,import_TWh,,7.766,,,,,,,,,,,,,,,,,,,,,,,,,,
subsidy-17.5,CZ,Y,inflow_TWh,,,,,,,,,,,,,,,0.59,1.321,,,,,,,,,,,0.031,
subsidy-17.5,CZ,Y,load_TWh,,70.567,,,,,,,,,,,,,,,,,,,,,,,,,,
subsidy-17.5,CZ,Y,net_import_TWh,,-5.081,,,,,,,,,,,,,,,,,,,,,,,,,,
subsidy-17.5,CZ,Y,opex_mn_EUR,,,153.714,0,184.35,52.393,1.902,35.257,0,,184.991,228.309,307.554,0.011,1.771,2.639,,0.211,763.336,590.582,1109.032,8.209,403.295,621.206,0,2.112,1.746,0
subsidy-17.5,CZ,Y,power_share_high_value,,,,,,,,,,,,,,,,,,,,,,,,0.982,0.984,,,0.907
subsidy-17.5,CZ,Y,power_share_low_value,,,,,,,,,,,,,,,,,,,,,,,,0.018,0.015,,,0.091
subsidy-17.5,CZ,Y,power_share_zero_value,,,,,,,,,,,,,,,,,,,,,,,,0,0.001,,,0.002
subsidy-17.5,CZ,Y,production_TWh,,78.196,1.952,0,2.607,0.476,0.008,0.321,0,0,1.729,2.132,2.079,0,0.59,1.32,1.132,0.105,7.549,2.744,11.04,0.068,4.325,28.237,1.128,0.528,0.436,7.689
subsidy-17.5,CZ,Y,production_el_eq_TWh,,,1.955,,,,0.008,0.442,,0,,2.134,2.079,,,,,,,2.744,16.997,,,,,,,
subsidy-17.5,CZ,Y,production_excess_TWh,,,,,,,,,,,,,,,,,,,,,,,,,0,,,0
subsidy-17.5,CZ,Y,production_hours,,,7813,0,7323,1085,687,1557,0,0,2473,2596,3918,1,8738,8760,1211,1151,7012,6830,8760,115,8054,,,944,1082,
subsidy-17.5,CZ,Y,production_used_TWh,,,,,,,,,,,,,,,,,,,,,,,,,1.128,,,7.689
subsidy-17.5,CZ,Y,wholesale_expenses_mn_EUR,149.574,,,,,,,,,,,,,,0,0,,11.539,,,,,,,,66.893,51.351,
subsidy-17.5,CZ,Y,wholesale_revenues_mn_EUR,805.375,,201.325,0,267.569,52.137,0.877,48.04,0,,186.429,229.976,214.698,0.009,59.705,131.18,,10.83,781.927,286.489,1724.246,7.661,443.743,2833.66,112.3,53.462,44.161,727.587
subsidy-2.5,CZ,S,avg_consumer_price_EUR_per_MWh,,97.768,,,,,,,,,,,,,,,,,,,,,,,,,,
subsidy-2.5,CZ,S,avg_producer_price_EUR_per_MWh,,97.54,,,,,,,,,,,,,,,,,,,,,,,,,,
subsidy-2.5,CZ,S,capacity_factor,,1.056,0.659,,0.684,0,0.001,-0,,,0.298,0.586,0.543,0,0.153,0.411,0.003,0.107,0,0.727,0.069,0,0.01,0.776,0.204,0.129,0.131,0.18
subsidy-2.5,CZ,S,capex_mn_EUR_per_yr,,,90.376,0,49.707,42.24,1.812,33.671,0,,87.828,115.452,30.064,8.282,105.136,87.683,,6.724,103.488,65.339,247.431,128.128,46.464,3000.042,76.414,139.774,114.162,510.28
subsidy-2.5,CZ,S,charged_TWh,,3.643,,,,,,,,,,,,,0,0,0.068,0.052,,,,,,,,0.54,0.42,
subsidy-2.5,CZ,S,curtailment_TWh,,0,,,,,,,,,,,,,,,,,,,,,,,,,,
subsidy-2.5,CZ,S,discharged_TWh,,6.66,,,,,,,,,,,,,0.347,0.775,0.056,0.047,,,,,,,,0.387,0.323,
subsidy-2.5,CZ,S,emissions_MtCO2,,46.542,0,0,0,0,0,-0,0,0,0.421,1.01,0.721,0,0,0,0,0,0,3.83,0.692,0,0.023,0,0,0,0,0
subsidy-2.5,CZ,S,export_TWh,,3.927,,,,,,,,,,,,,,,,,,,,,,,,,,
subsidy-2.5,CZ,S,heat_production_PJ,,,0.369,,,,0.001,-0,,0,,2.531,4.721,,,,,,,20.681,3.231,,,,,,,
subsidy-2.5,CZ,S,import_TWh,,6.85,,,,,,,,,,,,,,,,,,,,,,,,,,
subsidy-2.5,CZ,S,inflow_TWh,,,,,,,,,,,,,,,0.347,0.776,,,,,,,,,,,0.021,
subsidy-2.5,CZ,S,load_TWh,,32.277,,,,,,,,,,,,,,,,,,,,,,,,,,
subsidy-2.5,CZ,S,net_import_TWh,,2.923,,,,,,,,,,,,,,,,,,,,,,,,,,
subsidy-2.5,CZ,S,opex_mn_EUR,,,58.951,0,79.193,0,0.022,-0,0,,118.763,246.985,193.942,0.022,1.04,,,0.093,0,436.468,43.837,0,2.726,301.727,0,1.548,1.291,0
subsidy-2.5,CZ,S,power_share_high_value,,,,,,,,,,,,,,,,,,,,,,,,0.964,0.963,,,0.874
subsidy-2.5,CZ,S,power_share_low_value,,,,,,,,,,,,,,,,,,,,,,,,0.036,0.037,,,0.126
subsidy-2.5,CZ,S,power_share_zero_value,,,,,,,,,,,,,,,,,,,,,,,,0,0,,,0
subsidy-2.5,CZ,S,production_TWh,,134.756,0.751,0,1.111,0,0,-0,0,0,1.071,2.279,1.311,0,0.347,0.775,0.056,0.047,0,1.915,0.372,0,0.025,13.715,0.446,0.387,0.323,5.491
subsidy-2.5,CZ,S,production_el_eq_TWh,,,0.803,,,,0,-0,,0,,2.572,1.311,,,,,,,1.915,0.692,,,,,,,
subsidy-2.5,CZ,S,production_excess_TWh,,,,,,,,,,,,,,,,,,,,,,,,,0,,,0
subsidy-2.5,CZ,S,production_hours,,,3572,0,3202,0,18,0,0,0,1946,3592,2516,2,4368,4368,381,512,0,4368,2341,0,125,,,695,805,
subsidy-2.5,CZ,S,production_used_TWh,,,,,,,,,,,,,,,,,,,,,,,,,0.446,,,5.491
subsidy-2.5,CZ,S,wholesale_expenses_mn_EUR,232.602,,,,,,,,,,,,,,0,0,,4.74,,,,,,,,44.559,34.737,
subsidy-2.5,CZ,S,wholesale_revenues_mn_EUR,33.616,,81.506,0,117.024,0,0.009,-0,0,,116.246,266.798,142.335,0.019,36.498,75.783,,5.052,0,187.805,66.688,0,2.727,1343.325,42.31,42.527,35.385,471.504
subsidy-2.5,CZ,W,avg_consumer_price_EUR_per_MWh,,109.816,,,,,,,,,,,,,,,,,,,,,,,,,,
subsidy-2.5,CZ,W,avg_producer_price_EUR_per_MWh,,109.959,,,,,,,,,,,,,,,,,,,,,,,,,,
subsidy-2.5,CZ,W,capacity_factor,,1.05,0.941,,0.916,0,0.042,-0,,,0.804,0.907,0.55,0.001,0.107,0.287,0.013,0.139,0.042,0.972,0.62,0,0.64,0.817,0.311,0.046,0.048,0.071
subsidy-2.5,CZ,W,capex_mn_EUR_per_yr,,,90.376,0,49.707,42.24,1.812,33.671,0,,87.828,115.452,30.064,8.282,105.136,87.683,,6.724,103.488,65.339,247.431,128.128,46.464,3000.042,76.414,139.774,114.162,510.28
subsidy-2.5,CZ,W,charged_TWh,,3.643,,,,,,,,,,,,,0,0,0.334,0.067,,,,,,,,0.191,0.15,
subsidy-2.5,CZ,W,curtailment_TWh,,0.003,,,,,,,,,,,,,,,,,,,,,,,,,,
subsidy-2.5,CZ,W,discharged_TWh,,6.66,,,,,,,,,,,,,0.244,0.545,0.29,0.061,,,,,,,,0.139,0.119,
subsidy-2.5,CZ,W,emissions_MtCO2,,46.542,0,0,0,0,0.005,-0,0,0,1.142,1.572,0.735,0,0,0,0,0,0.241,5.147,6.214,0,1.518,0,0,0,0,0
subsidy-2.5,CZ,W,export_TWh,,3.322,,,,,,,,,,,,,,,,,,,,,,,,,,
subsidy-2.5,CZ,W,heat_production_PJ,,,0.122,,,,0.033,-0,,0,,2.613,4.809,,,,,,,27.795,31.007,,,,,,,
subsidy-2.5,CZ,W,import_TWh,,5.356,,,,,,,,,,,,,,,,,,,,,,,,,,
subsidy-2.5,CZ,W,inflow_TWh,,,,,,,,,,,,,,,0.243,0.545,,,,,,,,,,,0.01,
subsidy-2.5,CZ,W,load_TWh,,38.291,,,,,,,,,,,,,,,,,,,,,,,,,,
subsidy-2.5,CZ,W,net_import_TWh,,2.034,,,,,,,,,,,,,,,,,,,,,,,,,,
subsidy-2.5,CZ,W,opex_mn_EUR,,,88.252,0,105.131,0,0.783,-0,0,,309.516,392.547,197.553,0.124,0.731,1.089,,0.122,28.959,586.525,363.163,0,175.565,319.48,0,0.556,0.476,0
subsidy-2.5,CZ,W,power_share_high_value,,,,,,,,,,,,,,,,,,,,,,,,0.999,0.998,,,0.989
subsidy-2.5,CZ,W,power_share_low_value,,,,,,,,,,,,,,,,,,,,,,,,0,0.001,,,0.004
subsidy-2.5,CZ,W,power_share_zero_value,,,,,,,,,,,,,,,,,,,,,,,,0.001,0.002,,,0.007
subsidy-2.5,CZ,W,production_TWh,,134.756,1.136,0,1.496,0,0.003,-0,0,0,2.906,3.698,1.336,0.001,0.244,0.545,0.29,0.061,0.241,2.574,3.137,0,1.632,14.522,0.682,0.139,0.119,2.198
subsidy-2.5,CZ,W,production_el_eq_TWh,,,1.153,,,,0.003,-0,,0,,4,1.336,,,,,,,2.574,6.214,,,,,,,
subsidy-2.5,CZ,W,production_excess_TWh,,,,,,,,,,,,,,,,,,,,,,,,,0,,,0
subsidy-2.5,CZ,W,production_hours,,,4310,0,4110,0,277,0,0,0,3691,4262,2597,10,4370,4392,640,670,410,4392,4186,0,3044,,,286,321,
subsidy-2.5,CZ,W,production_used_TWh,,,,,,,,,,,,,,,,,,,,,,,,,0.682,,,2.198
subsidy-2.5,CZ,W,wholesale_expenses_mn_EUR,236.747,,,,,,,,,,,,,,0,0,,7.231,,,,,,,,19.142,15.055,
subsidy-2.5,CZ,W,wholesale_revenues_mn_EUR,74.961,,127.464,0,166.15,0,0.355,-0,0,,325.934,444.285,150.433,0.118,27.368,58.968,,6.892,28.023,281.255,685.065,0,183.996,1583.201,72.508,16.03,13.719,229.998
subsidy-2.5,CZ,Y,avg_consumer_price_EUR_per_MWh,,104.305,,,,,,,,,,,,,,,,,,,,,,,,,,
subsidy-2.5,CZ,Y,avg_producer_price_EUR_per_MWh,,104.435,,,,,,,,,,,,,,,,,,,,,,,,,,
subsidy-2.5,CZ,Y,capacity_GW,,29.224,0.279,0,0.372,0.528,0.017,0.311,0,,0.823,1.004,0.553,0.128,0.518,0.432,5,0.1,1.294,0.603,2.283,1.602,0.581,4.047,0.5,0.688,0.562,7
subsidy-2.5,CZ,Y,capacity_factor,,0.263,0.8,,0.8,0,0.021,-0,,,0.552,0.747,0.546,0.001,0.13,0.349,0.008,0.123,0.021,0.85,0.345,0,0.326,0.796,0.258,0.087,0.09,0.125
subsidy-2.5,CZ,Y,capex_mn_EUR_per_yr,,,90.376,0,49.707,42.24,1.812,33.671,0,,87.828,115.452,30.064,8.282,105.136,87.683,,6.724,103.488,65.339,247.431,128.128,46.464,3000.042,76.414,139.774,114.162,510.28
subsidy-2.5,CZ,Y,charged_TWh,,1.822,,,,,,,,,,,,,0,0,0.402,0.119,,,,,,,,0.73,0.57,
subsidy-2.5,CZ,Y,curtailment_TWh,,0.003,,,,,,,,,,,,,,,,,,,,,,,,,,
subsidy-2.5,CZ,Y,discharged_TWh,,3.33,,,,,,,,,,,,,0.59,1.319,0.345,0.107,,,,,,,,0.526,0.442,
subsidy-2.5,CZ,Y,emissions_MtCO2,,23.271,0,0,0,0,0.005,-0,0,0,1.562,2.582,1.456,0.001,0,0,0,0,0.241,8.977,6.906,0,1.541,0,0,0,0,0
subsidy-2.5,CZ,Y,export_TWh,,7.249,,,,,,,,,,,,,,,,,,,,,,,,,,
subsidy-2.5,CZ,Y,heat_production_PJ,,,0.491,,,,0.034,-0,,0,,5.144,9.529,,,,,,,48.475,34.237,,,,,,,
subsidy-2.5,CZ,Y,import_TWh,,12.206,,,,,,,,,,,,,,,,,,,,,,,,,,
subsidy-2.5,CZ,Y,inflow_TWh,,,,,,,,,,,,,,,0.59,1.321,,,,,,,,,,,0.031,
subsidy-2.5,CZ,Y,load_TWh,,70.567,,,,,,,,,,,,,,,,,,,,,,,,,,
subsidy-2.5,CZ,Y,net_import_TWh,,4.957,,,,,,,,,,,,,,,,,,,,,,,,,,
subsidy-2.5,CZ,Y,opex_mn_EUR,,,147.203,0,184.324,0,0.805,-0,0,,428.279,639.532,391.495,0.146,1.771,2.639,,0.215,28.959,1022.993,407,0,178.29,621.206,0,2.103,1.766,0
subsidy-2.5,CZ,Y,power_share_high_value,,,,,,,,,,,,,,,,,,,,,,,,0.982,0.984,,,0.907
subsidy-2.5,CZ,Y,power_share_low_value,,,,,,,,,,,,,,,,,,,,,,,,0.018,0.015,,,0.091
subsidy-2.5,CZ,Y,power_share_zero_value,,,,,,,,,,,,,,,,,,,,,,,,0,0.001,,,0.002
subsidy-2.5,CZ,Y,production_TWh,,67.378,1.887,0,2.607,0,0.003,-0,0,0,3.977,5.977,2.647,0.001,0.59,1.319,0.345,0.107,0.241,4.488,3.509,0,1.657,28.237,1.128,0.526,0.442,7.689
subsidy-2.5,CZ,Y,production_el_eq_TWh,,,1.955,,,,0.003,-0,,0,,6.572,2.647,,,,,,,4.488,6.906,,,,,,,
subsidy-2.5,CZ,Y,production_excess_TWh,,,,,,,,,,,,,,,,,,,,,,,,,0,,,0
subsidy-2.5,CZ,Y,production_hours,,,7882,0,7312,0,295,0,0,0,5637,7854,5113,12,8738,8760,1021,1182,410,8760,6527,0,3169,,,981,1126,
subsidy-2.5,CZ,Y,production_used_TWh,,,,,,,,,,,,,,,,,,,,,,,,,1.128,,,7.689
subsidy-2.5,CZ,Y,wholesale_expenses_mn_EUR,469.349,,,,,,,,,,,,,,0,0,,11.972,,,,,,,,63.701,49.792,
subsidy-2.5,CZ,Y,wholesale_revenues_mn_EUR,108.577,,208.97,0,283.174,0,0.365,-0,0,,442.18,711.083,292.768,0.137,63.866,134.752,,11.944,28.023,469.06,751.754,0,186.722,2926.526,114.818,58.558,49.105,701.501
subsidy-20,CZ,S,avg_consumer_price_EUR_per_MWh,,94.808,,,,,,,,,,,,,,,,,,,,,,,,,,
subsidy-20,CZ,S,avg_producer_price_EUR_per_MWh,,94.943,,,,,,,,,,,,,,,,,,,,,,,,,,
subsidy-20,CZ,S,capacity_factor,,1.259,0.673,,0.684,0,-0,-0,,,0,0,0.405,0,0.154,0.411,0.017,0.102,0.593,0.243,0.701,0,0.736,0.776,0.204,0.134,0.135,0.18
subsidy-20,CZ,S,capex_mn_EUR_per_yr,,,90.376,0,49.707,42.24,1.812,33.671,0,,87.828,115.452,30.064,8.282,105.136,87.683,,6.724,103.488,65.339,247.431,128.128,46.464,3000.042,76.414,139.774,114.162,510.28
subsidy-20,CZ,S,charged_TWh,,5.508,,,,,,,,,,,,,0,0,0.457,0.049,,,,,,,,0.561,0.432,
subsidy-20,CZ,S,curtailment_TWh,,0,,,,,,,,,,,,,,,,,,,,,,,,,,
subsidy-20,CZ,S,discharged_TWh,,8.203,,,,,,,,,,,,,0.347,0.775,0.372,0.044,,,,,,,,0.402,0.331,
subsidy-20,CZ,S,emissions_MtCO2,,79.619,0,0,0,0,-0,-0,0,0,0,0,0.539,0,0,0,0,0,3.352,1.278,6.992,0,1.736,0,0,0,0,0
subsidy-20,CZ,S,export_TWh,,6.835,,,,,,,,,,,,,,,,,,,,,,,,,,
subsidy-20,CZ,S,heat_production_PJ,,,0.019,,,,-0,0,,0,,-0,3.528,,,,,,,6.9,21.347,,,,,,,
subsidy-20,CZ,S,import_TWh,,4.959,,,,,,,,,,,,,,,,,,,,,,,,,,
subsidy-20,CZ,S,inflow_TWh,,,,,,,,,,,,,,,0.347,0.776,,,,,,,,,,,0.021,
subsidy-20,CZ,S,load_TWh,,32.277,,,,,,,,,,,,,,,,,,,,,,,,,,
subsidy-20,CZ,S,net_import_TWh,,-1.876,,,,,,,,,,,,,,,,,,,,,,,,,,
subsidy-20,CZ,S,opex_mn_EUR,,,65.662,0,79.221,0,-0,-0,0,,0.063,0.11,144.953,0.011,1.041,,,0.089,335.092,140.217,479.82,0,171.509,301.727,0,1.609,1.326,0
subsidy-20,CZ,S,power_share_high_value,,,,,,,,,,,,,,,,,,,,,,,,0.964,0.963,,,0.874
subsidy-20,CZ,S,power_share_low_value,,,,,,,,,,,,,,,,,,,,,,,,0.036,0.037,,,0.126
subsidy-20,CZ,S,power_share_zero_value,,,,,,,,,,,,,,,,,,,,,,,,0,0,,,0
subsidy-20,CZ,S,production_TWh,,160.666,0.818,0,1.111,0,-0,-0,0,0,0.001,0.001,0.98,0,0.347,0.775,0.372,0.044,3.352,0.639,4.874,0,1.866,13.715,0.446,0.402,0.331,5.491
subsidy-20,CZ,S,production_el_eq_TWh,,,0.82,,,,-0,-0,,0,,0.001,0.98,,,,,,,0.639,6.992,,,,,,,
subsidy-20,CZ,S,production_excess_TWh,,,,,,,,,,,,,,,,,,,,,,,,,0,,,0
subsidy-20,CZ,S,production_hours,,,3667,0,3185,0,0,0,0,0,14,9,1868,1,4368,4368,519,486,3550,2786,4368,0,3811,,,689,775,
subsidy-20,CZ,S,production_used_TWh,,,,,,,,,,,,,,,,,,,,,,,,,0.446,,,5.491
subsidy-20,CZ,S,wholesale_expenses_mn_EUR,90.817,,,,,,,,,,,,,,0,0,,4.484,,,,,,,,49.202,37.906,
subsidy-20,CZ,S,wholesale_revenues_mn_EUR,342.162,,80.047,0,108.046,0,-0,-0,0,,0.057,0.096,95.946,0.009,33.526,73.437,,4.316,327.201,62.446,666.86,0,181.926,1297.354,41.572,39.15,32.259,496.645
subsidy-20,CZ,W,avg_consumer_price_EUR_per_MWh,,103.447,,,,,,,,,,,,,,,,,,,,,,,,,,
subsidy-20,CZ,W,avg_producer_price_EUR_per_MWh,,103.721,,,,,,,,,,,,,,,,,,,,,,,,,,
subsidy-20,CZ,W,capacity_factor,,1.252,0.926,,0.916,0.375,0.138,0.427,,,0.47,0.452,0.426,0,0.107,0.287,0.034,0.14,0.938,0.884,0.998,0.044,0.964,0.817,0.311,0.044,0.045,0.071
subsidy-20,CZ,W,capex_mn_EUR_per_yr,,,90.376,0,49.707,42.24,1.812,33.671,0,,87.828,115.452,30.064,8.282,105.136,87.683,,6.724,103.488,65.339,247.431,128.128,46.464,3000.042,76.414,139.774,114.162,510.28
subsidy-20,CZ,W,charged_TWh,,5.508,,,,,,,,,,,,,0,0,0.867,0.068,,,,,,,,0.182,0.139,
subsidy-20,CZ,W,curtailment_TWh,,0.003,,,,,,,,,,,,,,,,,,,,,,,,,,
subsidy-20,CZ,W,discharged_TWh,,8.203,,,,,,,,,,,,,0.243,0.545,0.737,0.061,,,,,,,,0.132,0.11,
subsidy-20,CZ,W,emissions_MtCO2,,79.619,0,0,0,0.735,0.017,0.492,0,0,0.667,0.783,0.569,0,0,0,0,0,5.332,4.68,10.005,0.344,2.287,0,0,0,0,0
subsidy-20,CZ,W,export_TWh,,7.528,,,,,,,,,,,,,,,,,,,,,,,,,,
subsidy-20,CZ,W,heat_production_PJ,,,0.006,,,,0.109,1.539,,0,,0.013,3.725,,,,,,,25.271,36.021,,,,,,,
subsidy-20,CZ,W,import_TWh,,2.18,,,,,,,,,,,,,,,,,,,,,,,,,,
subsidy-20,CZ,W,inflow_TWh,,,,,,,,,,,,,,,0.243,0.545,,,,,,,,,,,0.01,
subsidy-20,CZ,W,load_TWh,,38.291,,,,,,,,,,,,,,,,,,,,,,,,,,
subsidy-20,CZ,W,net_import_TWh,,-5.348,,,,,,,,,,,,,,,,,,,,,,,,,,
subsidy-20,CZ,W,opex_mn_EUR,,,88.349,0,105.139,92.805,2.37,45.9,0,,182.002,213.276,153.037,0,0.73,1.089,,0.123,522.28,493.743,627.916,35.409,221.267,319.48,0,0.529,0.441,0
subsidy-20,CZ,W,power_share_high_value,,,,,,,,,,,,,,,,,,,,,,,,0.999,0.998,,,0.989
subsidy-20,CZ,W,power_share_low_value,,,,,,,,,,,,,,,,,,,,,,,,0,0.001,,,0.004
subsidy-20,CZ,W,power_share_zero_value,,,,,,,,,,,,,,,,,,,,,,,,0.001,0.002,,,0.007
subsidy-20,CZ,W,production_TWh,,160.666,1.134,0,1.496,0.869,0.01,0.429,0,0,1.699,1.992,1.035,0,0.243,0.545,0.737,0.061,5.332,2.34,6.432,0.31,2.458,14.522,0.682,0.132,0.11,2.198
subsidy-20,CZ,W,production_el_eq_TWh,,,1.135,,,,0.01,0.582,,0,,1.994,1.035,,,,,,,2.34,10.005,,,,,,,
subsidy-20,CZ,W,production_excess_TWh,,,,,,,,,,,,,,,,,,,,,,,,,0,,,0
subsidy-20,CZ,W,production_hours,,,4222,0,4131,1819,840,1917,0,0,2372,2447,1945,0,4371,4392,697,668,4248,4361,4392,549,4321,,,242,305,
subsidy-20,CZ,W,production_used_TWh,,,,,,,,,,,,,,,,,,,,,,,,,0.682,,,2.198
subsidy-20,CZ,W,wholesale_expenses_mn_EUR,24.225,,,,,,,,,,,,,,0,0,,6.956,,,,,,,,17.758,13.543,
subsidy-20,CZ,W,wholesale_revenues_mn_EUR,636.35,,117.936,0,155.344,93.598,1.1,62.562,0,,182.171,213.919,108.272,0,25.055,55.654,,6.365,553.756,243.532,1031.865,34.102,254.832,1493.843,69.145,13.72,11.426,221.155
subsidy-20,CZ,Y,avg_consumer_price_EUR_per_MWh,,99.496,,,,,,,,,,,,,,,,,,,,,,,,,,
subsidy-20,CZ,Y,avg_producer_price_EUR_per_MWh,,99.887,,,,,,,,,,,,,,,,,,,,,,,,,,
subsidy-20,CZ,Y,capacity_GW,,29.224,0.279,0,0.372,0.528,0.017,0.311,0,,0.823,1.004,0.553,0.128,0.518,0.432,5,0.1,1.294,0.603,2.283,1.602,0.581,4.047,0.5,0.688,0.562,7
subsidy-20,CZ,Y,capacity_factor,,0.314,0.8,,0.8,0.188,0.069,0.214,,,0.236,0.227,0.416,0,0.13,0.349,0.025,0.121,0.766,0.564,0.85,0.022,0.85,0.796,0.258,0.089,0.09,0.125
subsidy-20,CZ,Y,capex_mn_EUR_per_yr,,,90.376,0,49.707,42.24,1.812,33.671,0,,87.828,115.452,30.064,8.282,105.136,87.683,,6.724,103.488,65.339,247.431,128.128,46.464,3000.042,76.414,139.774,114.162,510.28
subsidy-20,CZ,Y,charged_TWh,,2.754,,,,,,,,,,,,,0,0,1.324,0.117,,,,,,,,0.743,0.571,
subsidy-20,CZ,Y,curtailment_TWh,,0.003,,,,,,,,,,,,,,,,,,,,,,,,,,
subsidy-20,CZ,Y,discharged_TWh,,4.101,,,,,,,,,,,,,0.59,1.32,1.109,0.106,,,,,,,,0.535,0.442,
subsidy-20,CZ,Y,emissions_MtCO2,,39.81,0,0,0,0.735,0.017,0.492,0,0,0.668,0.784,1.108,0,0,0,0,0,8.684,5.958,16.997,0.344,4.023,0,0,0,0,0
subsidy-20,CZ,Y,export_TWh,,14.363,,,,,,,,,,,,,,,,,,,,,,,,,,
subsidy-20,CZ,Y,heat_production_PJ,,,0.025,,,,0.109,1.539,,0,,0.013,7.253,,,,,,,32.171,57.368,,,,,,,
subsidy-20,CZ,Y,import_TWh,,7.139,,,,,,,,,,,,,,,,,,,,,,,,,,
subsidy-20,CZ,Y,inflow_TWh,,,,,,,,,,,,,,,0.59,1.321,,,,,,,,,,,0.031,
subsidy-20,CZ,Y,load_TWh,,70.567,,,,,,,,,,,,,,,,,,,,,,,,,,
subsidy-20,CZ,Y,net_import_TWh,,-7.223,,,,,,,,,,,,,,,,,,,,,,,,,,
subsidy-20,CZ,Y,opex_mn_EUR,,,154.011,0,184.36,92.805,2.37,45.9,0,,182.065,213.386,297.99,0.011,1.771,2.639,,0.212,857.372,633.961,1107.735,35.409,392.777,621.206,0,2.138,1.767,0
subsidy-20,CZ,Y,power_share_high_value,,,,,,,,,,,,,,,,,,,,,,,,0.982,0.984,,,0.907
subsidy-20,CZ,Y,power_share_low_value,,,,,,,,,,,,,,,,,,,,,,,,0.018,0.015,,,0.091
subsidy-20,CZ,Y,power_share_zero_value,,,,,,,,,,,,,,,,,,,,,,,,0,0.001,,,0.002
subsidy-20,CZ,Y,production_TWh,,80.333,1.952,0,2.607,0.869,0.01,0.429,0,0,1.699,1.993,2.015,0,0.59,1.32,1.109,0.106,8.684,2.979,11.306,0.31,4.325,28.237,1.128,0.535,0.442,7.689
subsidy-20,CZ,Y,production_el_eq_TWh,,,1.955,,,,0.01,0.582,,0,,1.995,2.015,,,,,,,2.979,16.997,,,,,,,
subsidy-20,CZ,Y,production_excess_TWh,,,,,,,,,,,,,,,,,,,,,,,,,0,,,0
subsidy-20,CZ,Y,production_hours,,,7889,0,7316,1819,840,1917,0,0,2386,2456,3813,1,8739,8760,1216,1154,7798,7147,8760,549,8132,,,931,1080,
subsidy-20,CZ,Y,production_used_TWh,,,,,,,,,,,,,,,,,,,,,,,,,1.128,,,7.689
subsidy-20,CZ,Y,wholesale_expenses_mn_EUR,115.042,,,,,,,,,,,,,,0,0,,11.44,,,,,,,,66.96,51.449,
subsidy-20,CZ,Y,wholesale_revenues_mn_EUR,978.512,,197.984,0,263.39,93.598,1.1,62.562,0,,182.229,214.015,204.218,0.009,58.581,129.091,,10.681,880.958,305.978,1698.725,34.102,436.759,2791.197,110.717,52.87,43.685,717.8
subsidy-5,CZ,S,avg_consumer_price_EUR_per_MWh,,98.549,,,,,,,,,,,,,,,,,,,,,,,,,,
subsidy-5,CZ,S,avg_producer_price_EUR_per_MWh,,98.433,,,,,,,,,,,,,,,,,,,,,,,,,,
subsidy-5,CZ,S,capacity_factor,,1.077,0.658,,0.688,0,-0,0,,,0.288,0.462,0.513,0,0.153,0.411,0.002,0.104,0,0.732,0.115,0,0.104,0.776,0.204,0.129,0.129,0.18
subsidy-5,CZ,S,capex_mn_EUR_per_yr,,,90.376,0,49.707,42.24,1.812,33.671,0,,87.828,115.452,30.064,8.282,105.136,87.683,,6.724,103.488,65.339,247.431,128.128,46.464,3000.042,76.414,139.774,114.162,510.28
subsidy-5,CZ,S,charged_TWh,,3.736,,,,,,,,,,,,,0,0,0.063,0.05,,,,,,,,0.541,0.413,
subsidy-5,CZ,S,curtailment_TWh,,0,,,,,,,,,,,,,,,,,,,,,,,,,,
subsidy-5,CZ,S,discharged_TWh,,6.746,,,,,,,,,,,,,0.347,0.775,0.053,0.045,,,,,,,,0.388,0.318,
subsidy-5,CZ,S,emissions_MtCO2,,50.509,0,0,0,0,-0,0,0,0,0.406,0.796,0.681,0,0,0,0,0,0,3.853,1.146,0,0.246,0,0,0,0,0
subsidy-5,CZ,S,export_TWh,,3.931,,,,,,,,,,,,,,,,,,,,,,,,,,
subsidy-5,CZ,S,heat_production_PJ,,,0.236,,,,-0,0,,0,,1.372,4.461,,,,,,,20.804,4.65,,,,,,,
subsidy-5,CZ,S,import_TWh,,6.785,,,,,,,,,,,,,,,,,,,,,,,,,,
subsidy-5,CZ,S,inflow_TWh,,,,,,,,,,,,,,,0.347,0.776,,,,,,,,,,,0.021,
subsidy-5,CZ,S,load_TWh,,32.277,,,,,,,,,,,,,,,,,,,,,,,,,,
subsidy-5,CZ,S,net_import_TWh,,2.855,,,,,,,,,,,,,,,,,,,,,,,,,,
subsidy-5,CZ,S,opex_mn_EUR,,,60.454,0,79.65,0,-0,-0,0,,114.634,203.966,183.255,0.022,1.04,,,0.091,0,434.315,77.96,0,27.996,301.727,0,1.554,1.27,0
subsidy-5,CZ,S,power_share_high_value,,,,,,,,,,,,,,,,,,,,,,,,0.964,0.963,,,0.874
subsidy-5,CZ,S,power_share_low_value,,,,,,,,,,,,,,,,,,,,,,,,0.036,0.037,,,0.126
subsidy-5,CZ,S,power_share_zero_value,,,,,,,,,,,,,,,,,,,,,,,,0,0,,,0
subsidy-5,CZ,S,production_TWh,,137.537,0.769,0,1.118,0,-0,-0,0,0,1.034,1.867,1.239,0,0.347,0.775,0.053,0.045,0,1.926,0.685,0,0.264,13.715,0.446,0.388,0.318,5.491
subsidy-5,CZ,S,production_el_eq_TWh,,,0.801,,,,-0,0,,0,,2.026,1.239,,,,,,,1.926,1.146,,,,,,,
subsidy-5,CZ,S,production_excess_TWh,,,,,,,,,,,,,,,,,,,,,,,,,0,,,0
subsidy-5,CZ,S,production_hours,,,3415,0,3219,0,0,0,0,0,1911,3034,2414,2,4368,4368,356,499,0,4368,3287,0,799,,,693,778,
subsidy-5,CZ,S,production_used_TWh,,,,,,,,,,,,,,,,,,,,,,,,,0.446,,,5.491
subsidy-5,CZ,S,wholesale_expenses_mn_EUR,229.175,,,,,,,,,,,,,,0,0,,4.619,,,,,,,,45.39,34.594,
subsidy-5,CZ,S,wholesale_revenues_mn_EUR,40.763,,82.709,0,118.143,0,-0,0,0,,112.65,215.741,135.631,0.019,36.62,76.293,,4.934,0,190.259,111.871,0,28.77,1352.778,42.596,42.68,34.876,478.701
subsidy-5,CZ,W,avg_consumer_price_EUR_per_MWh,,109.191,,,,,,,,,,,,,,,,,,,,,,,,,,
subsidy-5,CZ,W,avg_producer_price_EUR_per_MWh,,109.414,,,,,,,,,,,,,,,,,,,,,,,,,,
subsidy-5,CZ,W,capacity_factor,,1.072,0.942,,0.912,0.002,0.04,0.002,,,0.769,0.84,0.515,0.001,0.107,0.287,0.016,0.14,0.137,0.968,0.699,0,0.83,0.817,0.311,0.044,0.044,0.071
subsidy-5,CZ,W,capex_mn_EUR_per_yr,,,90.376,0,49.707,42.24,1.812,33.671,0,,87.828,115.452,30.064,8.282,105.136,87.683,,6.724,103.488,65.339,247.431,128.128,46.464,3000.042,76.414,139.774,114.162,510.28
subsidy-5,CZ,W,charged_TWh,,3.736,,,,,,,,,,,,,0,0,0.414,0.068,,,,,,,,0.181,0.137,
subsidy-5,CZ,W,curtailment_TWh,,0.003,,,,,,,,,,,,,,,,,,,,,,,,,,
subsidy-5,CZ,W,discharged_TWh,,6.746,,,,,,,,,,,,,0.244,0.545,0.356,0.062,,,,,,,,0.132,0.11,
subsidy-5,CZ,W,emissions_MtCO2,,50.509,0,0,0,0.003,0.005,0.002,0,0,1.093,1.457,0.688,0,0,0,0,0,0.781,5.124,7.004,0,1.969,0,0,0,0,0
subsidy-5,CZ,W,export_TWh,,3.838,,,,,,,,,,,,,,,,,,,,,,,,,,
subsidy-5,CZ,W,heat_production_PJ,,,0.095,,,,0.032,0.007,,0,,1.122,4.503,,,,,,,27.671,32.997,,,,,,,
subsidy-5,CZ,W,import_TWh,,4.586,,,,,,,,,,,,,,,,,,,,,,,,,,
subsidy-5,CZ,W,inflow_TWh,,,,,,,,,,,,,,,0.243,0.545,,,,,,,,,,,0.01,
subsidy-5,CZ,W,load_TWh,,38.291,,,,,,,,,,,,,,,,,,,,,,,,,,
subsidy-5,CZ,W,net_import_TWh,,0.747,,,,,,,,,,,,,,,,,,,,,,,,,,
subsidy-5,CZ,W,opex_mn_EUR,,,88.649,0,104.701,0.531,0.753,0.28,0,,296.496,380.495,184.983,0.119,0.731,1.089,,0.123,89.775,577.688,421.614,0,222.335,319.48,0,0.526,0.439,0
subsidy-5,CZ,W,power_share_high_value,,,,,,,,,,,,,,,,,,,,,,,,0.999,0.998,,,0.989
subsidy-5,CZ,W,power_share_low_value,,,,,,,,,,,,,,,,,,,,,,,,0,0.001,,,0.004
subsidy-5,CZ,W,power_share_zero_value,,,,,,,,,,,,,,,,,,,,,,,,0.001,0.002,,,0.007
subsidy-5,CZ,W,production_TWh,,137.537,1.141,0,1.489,0.004,0.003,0.002,0,0,2.782,3.578,1.251,0.001,0.244,0.545,0.356,0.062,0.781,2.562,3.731,0,2.116,14.522,0.682,0.132,0.11,2.198
subsidy-5,CZ,W,production_el_eq_TWh,,,1.154,,,,0.003,0.003,,0,,3.708,1.251,,,,,,,2.562,7.004,,,,,,,
subsidy-5,CZ,W,production_excess_TWh,,,,,,,,,,,,,,,,,,,,,,,,,0,,,0
subsidy-5,CZ,W,production_hours,,,4260,0,4104,18,263,19,0,0,3627,4101,2453,8,4371,4392,641,681,1112,4392,4392,0,3856,,,262,312,
subsidy-5,CZ,W,production_used_TWh,,,,,,,,,,,,,,,,,,,,,,,,,0.682,,,2.198
subsidy-5,CZ,W,wholesale_expenses_mn_EUR,159.56,,,,,,,,,,,,,,0,0,,7.297,,,,,,,,18.26,13.845,
subsidy-5,CZ,W,wholesale_revenues_mn_EUR,139.712,,127,0,164.248,0.491,0.341,0.337,0,,309.7,411.116,139.633,0.113,27.044,58.714,,6.9,88.614,278.63,766.439,0,234.815,1576.127,72.407,14.972,12.471,230.669
subsidy-5,CZ,Y,avg_consumer_price_EUR_per_MWh,,104.324,,,,,,,,,,,,,,,,,,,,,,,,,,
subsidy-5,CZ,Y,avg_producer_price_EUR_per_MWh,,104.619,,,,,,,,,,,,,,,,,,,,,,,,,,
subsidy-5,CZ,Y,capacity_GW,,29.224,0.279,0,0.372,0.528,0.017,0.311,0,,0.823,1.004,0.553,0.128,0.518,0.432,5,0.1,1.294,0.603,2.283,1.602,0.581,4.047,0.5,0.688,0.562,7
subsidy-5,CZ,Y,capacity_factor,,0.269,0.8,,0.8,0.001,0.02,0.001,,,0.529,0.652,0.514,0.001,0.13,0.349,0.009,0.122,0.069,0.85,0.408,0,0.468,0.796,0.258,0.086,0.087,0.125
subsidy-5,CZ,Y,capex_mn_EUR_per_yr,,,90.376,0,49.707,42.24,1.812,33.671,0,,87.828,115.452,30.064,8.282,105.136,87.683,,6.724,103.488,65.339,247.431,128.128,46.464,3000.042,76.414,139.774,114.162,510.28
subsidy-5,CZ,Y,charged_TWh,,1.868,,,,,,,,,,,,,0,0,0.477,0.118,,,,,,,,0.722,0.55,
subsidy-5,CZ,Y,curtailment_TWh,,0.003,,,,,,,,,,,,,,,,,,,,,,,,,,
subsidy-5,CZ,Y,discharged_TWh,,3.373,,,,,,,,,,,,,0.59,1.319,0.409,0.107,,,,,,,,0.52,0.427,
subsidy-5,CZ,Y,emissions_MtCO2,,25.254,0,0,0,0.003,0.005,0.002,0,0,1.499,2.252,1.369,0,0,0,0,0,0.781,8.977,8.15,0,2.214,0,0,0,0,0
subsidy-5,CZ,Y,export_TWh,,7.769,,,,,,,,,,,,,,,,,,,,,,,,,,
subsidy-5,CZ,Y,heat_production_PJ,,,0.331,,,,0.032,0.007,,0,,2.494,8.963,,,,,,,48.475,37.647,,,,,,,
subsidy-5,CZ,Y,import_TWh,,11.371,,,,,,,,,,,,,,,,,,,,,,,,,,
subsidy-5,CZ,Y,inflow_TWh,,,,,,,,,,,,,,,0.59,1.321,,,,,,,,,,,0.031,
subsidy-5,CZ,Y,load_TWh,,70.567,,,,,,,,,,,,,,,,,,,,,,,,,,
subsidy-5,CZ,Y,net_import_TWh,,3.602,,,,,,,,,,,,,,,,,,,,,,,,,,
subsidy-5,CZ,Y,opex_mn_EUR,,,149.103,0,184.351,0.531,0.753,0.28,0,,411.13,584.46,368.238,0.141,1.771,2.639,,0.214,89.775,1012.003,499.574,0,250.332,621.206,0,2.08,1.709,0
subsidy-5,CZ,Y,power_share_high_value,,,,,,,,,,,,,,,,,,,,,,,,0.982,0.984,,,0.907
subsidy-5,CZ,Y,power_share_low_value,,,,,,,,,,,,,,,,,,,,,,,,0.018,0.015,,,0.091
subsidy-5,CZ,Y,power_share_zero_value,,,,,,,,,,,,,,,,,,,,,,,,0,0.001,,,0.002
subsidy-5,CZ,Y,production_TWh,,68.768,1.909,0,2.607,0.004,0.003,0.002,0,0,3.816,5.445,2.49,0.001,0.59,1.319,0.409,0.107,0.781,4.488,4.415,0,2.38,28.237,1.128,0.52,0.427,7.689
subsidy-5,CZ,Y,production_el_eq_TWh,,,1.955,,,,0.003,0.003,,0,,5.733,2.49,,,,,,,4.488,8.15,,,,,,,
subsidy-5,CZ,Y,production_excess_TWh,,,,,,,,,,,,,,,,,,,,,,,,,0,,,0
subsidy-5,CZ,Y,production_hours,,,7675,0,7323,18,263,19,0,0,5538,7135,4867,10,8739,8760,997,1180,1112,8760,7679,0,4655,,,955,1090,
subsidy-5,CZ,Y,production_used_TWh,,,,,,,,,,,,,,,,,,,,,,,,,1.128,,,7.689
subsidy-5,CZ,Y,wholesale_expenses_mn_EUR,388.735,,,,,,,,,,,,,,0,0,,11.915,,,,,,,,63.649,48.439,
subsidy-5,CZ,Y,wholesale_revenues_mn_EUR,180.476,,209.709,0,282.391,0.491,0.341,0.337,0,,422.349,626.857,275.264,0.132,63.664,135.007,,11.834,88.614,468.889,878.31,0,263.585,2928.905,115.003,57.651,47.347,709.37
subsidy-7.5,CZ,S,avg_consumer_price_EUR_per_MWh,,101.576,,,,,,,,,,,,,,,,,,,,,,,,,,
subsidy-7.5,CZ,S,avg_producer_price_EUR_per_MWh,,101.437,,,,,,,,,,,,,,,,,,,,,,,,,,
subsidy-7.5,CZ,S,capacity_factor,,1.102,0.662,,0.688,0,-0,0,,,0.227,0.248,0.471,0,0.153,0.411,0.002,0.101,0,0.672,0.205,0,0.514,0.776,0.204,0.131,0.13,0.18
subsidy-7.5,CZ,S,capex_mn_EUR_per_yr,,,90.376,0,49.707,42.24,1.812,33.671,0,,87.828,115.452,30.064,8.282,105.136,87.683,,6.724,103.488,65.339,247.431,128.128,46.464,3000.042,76.414,139.774,114.162,510.28
subsidy-7.5,CZ,S,charged_TWh,,3.878,,,,,,,,,,,,,0,0,0.053,0.049,,,,,,,,0.547,0.415,
subsidy-7.5,CZ,S,curtailment_TWh,,0,,,,,,,,,,,,,,,,,,,,,,,,,,
subsidy-7.5,CZ,S,discharged_TWh,,6.865,,,,,,,,,,,,,0.347,0.775,0.045,0.044,,,,,,,,0.392,0.319,
subsidy-7.5,CZ,S,emissions_MtCO2,,55.385,0,0,0,0,-0,0,0,0,0.321,0.428,0.626,0,0,0,0,0,0,3.54,2.044,0,1.214,0,0,0,0,0
subsidy-7.5,CZ,S,export_TWh,,4.082,,,,,,,,,,,,,,,,,,,,,,,,,,
subsidy-7.5,CZ,S,heat_production_PJ,,,0.096,,,,-0,0,,0,,0.132,4.099,,,,,,,19.119,8.073,,,,,,,
subsidy-7.5,CZ,S,import_TWh,,6.58,,,,,,,,,,,,,,,,,,,,,,,,,,
subsidy-7.5,CZ,S,inflow_TWh,,,,,,,,,,,,,,,0.347,0.776,,,,,,,,,,,0.021,
subsidy-7.5,CZ,S,load_TWh,,32.277,,,,,,,,,,,,,,,,,,,,,,,,,,
subsidy-7.5,CZ,S,net_import_TWh,,2.498,,,,,,,,,,,,,,,,,,,,,,,,,,
subsidy-7.5,CZ,S,opex_mn_EUR,,,62.899,0,79.648,0,-0,-0,0,,90.643,119.144,168.415,0.022,1.04,,,0.088,0,394.95,137.439,0,135.918,301.727,0,1.569,1.276,0
subsidy-7.5,CZ,S,power_share_high_value,,,,,,,,,,,,,,,,,,,,,,,,0.964,0.963,,,0.874
subsidy-7.5,CZ,S,power_share_low_value,,,,,,,,,,,,,,,,,,,,,,,,0.036,0.037,,,0.126
subsidy-7.5,CZ,S,power_share_zero_value,,,,,,,,,,,,,,,,,,,,,,,,0,0,,,0
subsidy-7.5,CZ,S,production_TWh,,140.687,0.793,0,1.118,0,-0,-0,0,0,0.817,1.075,1.139,0,0.347,0.775,0.045,0.044,0,1.77,1.243,0,1.305,13.715,0.446,0.392,0.319,5.491
subsidy-7.5,CZ,S,production_el_eq_TWh,,,0.807,,,,-0,0,,0,,1.09,1.139,,,,,,,1.77,2.044,,,,,,,
subsidy-7.5,CZ,S,production_excess_TWh,,,,,,,,,,,,,,,,,,,,,,,,,0,,,0
subsidy-7.5,CZ,S,production_hours,,,3595,0,3216,0,0,0,0,0,1720,2152,2236,2,4368,4368,333,485,0,4346,4368,0,2928,,,698,793,
subsidy-7.5,CZ,S,production_used_TWh,,,,,,,,,,,,,,,,,,,,,,,,,0.446,,,5.491
subsidy-7.5,CZ,S,wholesale_expenses_mn_EUR,207.1,,,,,,,,,,,,,,0,0,,4.696,,,,,,,,49.249,37.338,
subsidy-7.5,CZ,S,wholesale_revenues_mn_EUR,49.855,,86.213,0,119.086,0,-0,0,0,,89.357,118.802,124.888,0.019,36.916,78.687,,4.767,0,180.859,205.525,0,140.752,1389.164,44.076,42.747,34.772,513.133
subsidy-7.5,CZ,W,avg_consumer_price_EUR_per_MWh,,108.357,,,,,,,,,,,,,,,,,,,,,,,,,,
subsidy-7.5,CZ,W,avg_producer_price_EUR_per_MWh,,108.537,,,,,,,,,,,,,,,,,,,,,,,,,,
subsidy-7.5,CZ,W,capacity_factor,,1.096,0.937,,0.912,0.004,0.04,0.005,,,0.749,0.781,0.488,0.001,0.107,0.287,0.019,0.139,0.254,0.948,0.773,0,0.934,0.817,0.311,0.042,0.044,0.071
subsidy-7.5,CZ,W,capex_mn_EUR_per_yr,,,90.376,0,49.707,42.24,1.812,33.671,0,,87.828,115.452,30.064,8.282,105.136,87.683,,6.724,103.488,65.339,247.431,128.128,46.464,3000.042,76.414,139.774,114.162,510.28
subsidy-7.5,CZ,W,charged_TWh,,3.878,,,,,,,,,,,,,0,0,0.495,0.067,,,,,,,,0.175,0.137,
subsidy-7.5,CZ,W,curtailment_TWh,,0.003,,,,,,,,,,,,,,,,,,,,,,,,,,
subsidy-7.5,CZ,W,discharged_TWh,,6.865,,,,,,,,,,,,,0.244,0.545,0.424,0.061,,,,,,,,0.128,0.11,
subsidy-7.5,CZ,W,emissions_MtCO2,,55.385,0,0,0,0.008,0.005,0.006,0,0,1.064,1.354,0.653,0,0,0,0,0,1.445,5.018,7.749,0.002,2.216,0,0,0,0,0
subsidy-7.5,CZ,W,export_TWh,,4.386,,,,,,,,,,,,,,,,,,,,,,,,,,
subsidy-7.5,CZ,W,heat_production_PJ,,,0.068,,,,0.032,0.011,,0,,0.358,4.273,,,,,,,27.098,34.632,,,,,,,
subsidy-7.5,CZ,W,import_TWh,,3.975,,,,,,,,,,,,,,,,,,,,,,,,,,
subsidy-7.5,CZ,W,inflow_TWh,,,,,,,,,,,,,,,0.243,0.545,,,,,,,,,,,0.01,
subsidy-7.5,CZ,W,load_TWh,,38.291,,,,,,,,,,,,,,,,,,,,,,,,,,
subsidy-7.5,CZ,W,net_import_TWh,,-0.411,,,,,,,,,,,,,,,,,,,,,,,,,,
subsidy-7.5,CZ,W,opex_mn_EUR,,,88.555,0,104.708,1.19,0.732,0.754,0,,288.616,362.683,175.539,0.078,0.731,1.089,,0.122,160.852,559.802,476.104,0.219,244.298,319.48,0,0.511,0.439,0
subsidy-7.5,CZ,W,power_share_high_value,,,,,,,,,,,,,,,,,,,,,,,,0.999,0.998,,,0.989
subsidy-7.5,CZ,W,power_share_low_value,,,,,,,,,,,,,,,,,,,,,,,,0,0.001,,,0.004
subsidy-7.5,CZ,W,power_share_zero_value,,,,,,,,,,,,,,,,,,,,,,,,0.001,0.002,,,0.007
subsidy-7.5,CZ,W,production_TWh,,140.687,1.139,0,1.489,0.009,0.003,0.006,0,0,2.708,3.404,1.187,0.001,0.244,0.545,0.424,0.061,1.445,2.509,4.313,0.002,2.382,14.522,0.682,0.128,0.11,2.198
subsidy-7.5,CZ,W,production_el_eq_TWh,,,1.149,,,,0.003,0.007,,0,,3.445,1.187,,,,,,,2.509,7.749,,,,,,,
subsidy-7.5,CZ,W,production_excess_TWh,,,,,,,,,,,,,,,,,,,,,,,,,0,,,0
subsidy-7.5,CZ,W,production_hours,,,4246,0,4124,34,235,35,0,0,3620,3817,2284,5,4369,4392,646,676,1446,4392,4392,17,4187,,,262,307,
subsidy-7.5,CZ,W,production_used_TWh,,,,,,,,,,,,,,,,,,,,,,,,,0.682,,,2.198
subsidy-7.5,CZ,W,wholesale_expenses_mn_EUR,112.623,,,,,,,,,,,,,,0,0,,7.201,,,,,,,,17.812,13.934,
subsidy-7.5,CZ,W,wholesale_revenues_mn_EUR,218.661,,125.374,0,162.549,1.145,0.331,0.848,0,,297.585,378.282,130.48,0.075,26.623,58.481,,6.707,159.996,271.501,839.674,0.205,260.317,1567.001,72.495,14.175,12.151,231.432
subsidy-7.5,CZ,Y,avg_consumer_price_EUR_per_MWh,,105.256,,,,,,,,,,,,,,,,,,,,,,,,,,
subsidy-7.5,CZ,Y,avg_producer_price_EUR_per_MWh,,105.469,,,,,,,,,,,,,,,,,,,,,,,,,,
subsidy-7.5,CZ,Y,capacity_GW,,29.224,0.279,0,0.372,0.528,0.017,0.311,0,,0.823,1.004,0.553,0.128,0.518,0.432,5,0.1,1.294,0.603,2.283,1.602,0.581,4.047,0.5,0.688,0.562,7
subsidy-7.5,CZ,Y,capacity_factor,,0.275,0.8,,0.8,0.002,0.02,0.002,,,0.489,0.515,0.48,0.001,0.13,0.349,0.011,0.12,0.127,0.81,0.49,0,0.725,0.796,0.258,0.086,0.087,0.125
subsidy-7.5,CZ,Y,capex_mn_EUR_per_yr,,,90.376,0,49.707,42.24,1.812,33.671,0,,87.828,115.452,30.064,8.282,105.136,87.683,,6.724,103.488,65.339,247.431,128.128,46.464,3000.042,76.414,139.774,114.162,510.28
subsidy-7.5,CZ,Y,charged_TWh,,1.939,,,,,,,,,,,,,0,0,0.548,0.116,,,,,,,,0.722,0.552,
subsidy-7.5,CZ,Y,curtailment_TWh,,0.003,,,,,,,,,,,,,,,,,,,,,,,,,,
subsidy-7.5,CZ,Y,discharged_TWh,,3.433,,,,,,,,,,,,,0.59,1.319,0.469,0.105,,,,,,,,0.52,0.429,
subsidy-7.5,CZ,Y,emissions_MtCO2,,27.693,0,0,0,0.008,0.005,0.006,0,0,1.385,1.782,1.279,0,0,0,0,0,1.445,8.559,9.793,0.002,3.43,0,0,0,0,0
subsidy-7.5,CZ,Y,export_TWh,,8.468,,,,,,,,,,,,,,,,,,,,,,,,,,
subsidy-7.5,CZ,Y,heat_production_PJ,,,0.163,,,,0.032,0.011,,0,,0.49,8.372,,,,,,,46.217,42.705,,,,,,,
subsidy-7.5,CZ,Y,import_TWh,,10.555,,,,,,,,,,,,,,,,,,,,,,,,,,
subsidy-7.5,CZ,Y,inflow_TWh,,,,,,,,,,,,,,,0.59,1.321,,,,,,,,,,,0.031,
subsidy-7.5,CZ,Y,load_TWh,,70.567,,,,,,,,,,,,,,,,,,,,,,,,,,
subsidy-7.5,CZ,Y,net_import_TWh,,2.087,,,,,,,,,,,,,,,,,,,,,,,,,,
subsidy-7.5,CZ,Y,opex_mn_EUR,,,151.454,0,184.356,1.19,0.732,0.754,0,,379.258,481.827,343.953,0.1,1.771,2.639,,0.21,160.852,954.751,613.542,0.219,380.216,621.206,0,2.08,1.714,0
subsidy-7.5,CZ,Y,power_share_high_value,,,,,,,,,,,,,,,,,,,,,,,,0.982,0.984,,,0.907
subsidy-7.5,CZ,Y,power_share_low_value,,,,,,,,,,,,,,,,,,,,,,,,0.018,0.015,,,0.091
subsidy-7.5,CZ,Y,power_share_zero_value,,,,,,,,,,,,,,,,,,,,,,,,0,0.001,,,0.002
subsidy-7.5,CZ,Y,production_TWh,,70.343,1.933,0,2.607,0.009,0.003,0.006,0,0,3.526,4.479,2.326,0.001,0.59,1.319,0.469,0.105,1.445,4.279,5.556,0.002,3.687,28.237,1.128,0.52,0.429,7.689
subsidy-7.5,CZ,Y,production_el_eq_TWh,,,1.955,,,,0.003,0.007,,0,,4.535,2.326,,,,,,,4.279,9.793,,,,,,,
subsidy-7.5,CZ,Y,production_excess_TWh,,,,,,,,,,,,,,,,,,,,,,,,,0,,,0
subsidy-7.5,CZ,Y,production_hours,,,7841,0,7340,34,235,35,0,0,5340,5969,4520,7,8737,8760,979,1161,1446,8738,8760,17,7115,,,960,1100,
subsidy-7.5,CZ,Y,production_used_TWh,,,,,,,,,,,,,,,,,,,,,,,,,1.128,,,7.689
subsidy-7.5,CZ,Y,wholesale_expenses_mn_EUR,319.723,,,,,,,,,,,,,,0,0,,11.897,,,,,,,,67.062,51.272,
subsidy-7.5,CZ,Y,wholesale_revenues_mn_EUR,268.516,,211.587,0,281.635,1.145,0.331,0.848,0,,386.943,497.084,255.369,0.094,63.539,137.168,,11.474,159.996,452.36,1045.2,0.205,401.069,2956.165,116.571,56.922,46.923,744.565
